-- MySQL dump 10.13  Distrib 5.6.40, for Linux (x86_64)
--
-- Host: localhost    Database: root
-- ------------------------------------------------------
-- Server version	5.6.40

/*!40101 SET @OLD_CHARACTER_SET_CLIENT=@@CHARACTER_SET_CLIENT */;
/*!40101 SET @OLD_CHARACTER_SET_RESULTS=@@CHARACTER_SET_RESULTS */;
/*!40101 SET @OLD_COLLATION_CONNECTION=@@COLLATION_CONNECTION */;
/*!40101 SET NAMES utf8 */;
/*!40103 SET @OLD_TIME_ZONE=@@TIME_ZONE */;
/*!40103 SET TIME_ZONE='+00:00' */;
/*!40014 SET @OLD_UNIQUE_CHECKS=@@UNIQUE_CHECKS, UNIQUE_CHECKS=0 */;
/*!40014 SET @OLD_FOREIGN_KEY_CHECKS=@@FOREIGN_KEY_CHECKS, FOREIGN_KEY_CHECKS=0 */;
/*!40101 SET @OLD_SQL_MODE=@@SQL_MODE, SQL_MODE='NO_AUTO_VALUE_ON_ZERO' */;
/*!40111 SET @OLD_SQL_NOTES=@@SQL_NOTES, SQL_NOTES=0 */;
-- MySQL dump 10.13  Distrib 5.6.40, for Linux (x86_64)
--
-- Host: localhost    Database: kettle
-- ------------------------------------------------------
-- Server version	5.6.40

/*!40101 SET @OLD_CHARACTER_SET_CLIENT=@@CHARACTER_SET_CLIENT */;
/*!40101 SET @OLD_CHARACTER_SET_RESULTS=@@CHARACTER_SET_RESULTS */;
/*!40101 SET @OLD_COLLATION_CONNECTION=@@COLLATION_CONNECTION */;
/*!40101 SET NAMES utf8 */;
/*!40103 SET @OLD_TIME_ZONE=@@TIME_ZONE */;
/*!40103 SET TIME_ZONE='+00:00' */;
/*!40014 SET @OLD_UNIQUE_CHECKS=@@UNIQUE_CHECKS, UNIQUE_CHECKS=0 */;
/*!40014 SET @OLD_FOREIGN_KEY_CHECKS=@@FOREIGN_KEY_CHECKS, FOREIGN_KEY_CHECKS=0 */;
/*!40101 SET @OLD_SQL_MODE=@@SQL_MODE, SQL_MODE='NO_AUTO_VALUE_ON_ZERO' */;
/*!40111 SET @OLD_SQL_NOTES=@@SQL_NOTES, SQL_NOTES=0 */;

--
-- Table structure for table `R_CLUSTER`
--

DROP TABLE IF EXISTS `R_CLUSTER`;
/*!40101 SET @saved_cs_client     = @@character_set_client */;
/*!40101 SET character_set_client = utf8 */;
CREATE TABLE `R_CLUSTER` (
  `ID_CLUSTER` bigint(20) NOT NULL,
  `NAME` varchar(255) DEFAULT NULL,
  `BASE_PORT` varchar(255) DEFAULT NULL,
  `SOCKETS_BUFFER_SIZE` varchar(255) DEFAULT NULL,
  `SOCKETS_FLUSH_INTERVAL` varchar(255) DEFAULT NULL,
  `SOCKETS_COMPRESSED` tinyint(1) DEFAULT NULL,
  `DYNAMIC_CLUSTER` tinyint(1) DEFAULT NULL,
  PRIMARY KEY (`ID_CLUSTER`)
) ENGINE=InnoDB DEFAULT CHARSET=utf8;
/*!40101 SET character_set_client = @saved_cs_client */;

--
-- Dumping data for table `R_CLUSTER`
--

LOCK TABLES `R_CLUSTER` WRITE;
/*!40000 ALTER TABLE `R_CLUSTER` DISABLE KEYS */;
/*!40000 ALTER TABLE `R_CLUSTER` ENABLE KEYS */;
UNLOCK TABLES;

--
-- Table structure for table `R_CLUSTER_SLAVE`
--

DROP TABLE IF EXISTS `R_CLUSTER_SLAVE`;
/*!40101 SET @saved_cs_client     = @@character_set_client */;
/*!40101 SET character_set_client = utf8 */;
CREATE TABLE `R_CLUSTER_SLAVE` (
  `ID_CLUSTER_SLAVE` bigint(20) NOT NULL,
  `ID_CLUSTER` int(11) DEFAULT NULL,
  `ID_SLAVE` int(11) DEFAULT NULL,
  PRIMARY KEY (`ID_CLUSTER_SLAVE`)
) ENGINE=InnoDB DEFAULT CHARSET=utf8;
/*!40101 SET character_set_client = @saved_cs_client */;

--
-- Dumping data for table `R_CLUSTER_SLAVE`
--

LOCK TABLES `R_CLUSTER_SLAVE` WRITE;
/*!40000 ALTER TABLE `R_CLUSTER_SLAVE` DISABLE KEYS */;
/*!40000 ALTER TABLE `R_CLUSTER_SLAVE` ENABLE KEYS */;
UNLOCK TABLES;

--
-- Table structure for table `R_CONDITION`
--

DROP TABLE IF EXISTS `R_CONDITION`;
/*!40101 SET @saved_cs_client     = @@character_set_client */;
/*!40101 SET character_set_client = utf8 */;
CREATE TABLE `R_CONDITION` (
  `ID_CONDITION` bigint(20) NOT NULL,
  `ID_CONDITION_PARENT` int(11) DEFAULT NULL,
  `NEGATED` tinyint(1) DEFAULT NULL,
  `OPERATOR` varchar(255) DEFAULT NULL,
  `LEFT_NAME` varchar(255) DEFAULT NULL,
  `CONDITION_FUNCTION` varchar(255) DEFAULT NULL,
  `RIGHT_NAME` varchar(255) DEFAULT NULL,
  `ID_VALUE_RIGHT` int(11) DEFAULT NULL,
  PRIMARY KEY (`ID_CONDITION`)
) ENGINE=InnoDB DEFAULT CHARSET=utf8;
/*!40101 SET character_set_client = @saved_cs_client */;

--
-- Dumping data for table `R_CONDITION`
--

LOCK TABLES `R_CONDITION` WRITE;
/*!40000 ALTER TABLE `R_CONDITION` DISABLE KEYS */;
/*!40000 ALTER TABLE `R_CONDITION` ENABLE KEYS */;
UNLOCK TABLES;

--
-- Table structure for table `R_DATABASE`
--

DROP TABLE IF EXISTS `R_DATABASE`;
/*!40101 SET @saved_cs_client     = @@character_set_client */;
/*!40101 SET character_set_client = utf8 */;
CREATE TABLE `R_DATABASE` (
  `ID_DATABASE` bigint(20) NOT NULL,
  `NAME` varchar(255) DEFAULT NULL,
  `ID_DATABASE_TYPE` int(11) DEFAULT NULL,
  `ID_DATABASE_CONTYPE` int(11) DEFAULT NULL,
  `HOST_NAME` varchar(255) DEFAULT NULL,
  `DATABASE_NAME` mediumtext,
  `PORT` int(11) DEFAULT NULL,
  `USERNAME` varchar(255) DEFAULT NULL,
  `PASSWORD` varchar(255) DEFAULT NULL,
  `SERVERNAME` varchar(255) DEFAULT NULL,
  `DATA_TBS` varchar(255) DEFAULT NULL,
  `INDEX_TBS` varchar(255) DEFAULT NULL,
  PRIMARY KEY (`ID_DATABASE`)
) ENGINE=InnoDB DEFAULT CHARSET=utf8;
/*!40101 SET character_set_client = @saved_cs_client */;

--
-- Dumping data for table `R_DATABASE`
--

LOCK TABLES `R_DATABASE` WRITE;
/*!40000 ALTER TABLE `R_DATABASE` DISABLE KEYS */;
/*!40000 ALTER TABLE `R_DATABASE` ENABLE KEYS */;
UNLOCK TABLES;

--
-- Table structure for table `R_DATABASE_ATTRIBUTE`
--

DROP TABLE IF EXISTS `R_DATABASE_ATTRIBUTE`;
/*!40101 SET @saved_cs_client     = @@character_set_client */;
/*!40101 SET character_set_client = utf8 */;
CREATE TABLE `R_DATABASE_ATTRIBUTE` (
  `ID_DATABASE_ATTRIBUTE` bigint(20) NOT NULL,
  `ID_DATABASE` int(11) DEFAULT NULL,
  `CODE` varchar(255) DEFAULT NULL,
  `VALUE_STR` mediumtext,
  PRIMARY KEY (`ID_DATABASE_ATTRIBUTE`),
  UNIQUE KEY `IDX_RDAT` (`ID_DATABASE`,`CODE`)
) ENGINE=InnoDB DEFAULT CHARSET=utf8;
/*!40101 SET character_set_client = @saved_cs_client */;

--
-- Dumping data for table `R_DATABASE_ATTRIBUTE`
--

LOCK TABLES `R_DATABASE_ATTRIBUTE` WRITE;
/*!40000 ALTER TABLE `R_DATABASE_ATTRIBUTE` DISABLE KEYS */;
/*!40000 ALTER TABLE `R_DATABASE_ATTRIBUTE` ENABLE KEYS */;
UNLOCK TABLES;

--
-- Table structure for table `R_DATABASE_CONTYPE`
--

DROP TABLE IF EXISTS `R_DATABASE_CONTYPE`;
/*!40101 SET @saved_cs_client     = @@character_set_client */;
/*!40101 SET character_set_client = utf8 */;
CREATE TABLE `R_DATABASE_CONTYPE` (
  `ID_DATABASE_CONTYPE` bigint(20) NOT NULL,
  `CODE` varchar(255) DEFAULT NULL,
  `DESCRIPTION` varchar(255) DEFAULT NULL,
  PRIMARY KEY (`ID_DATABASE_CONTYPE`)
) ENGINE=InnoDB DEFAULT CHARSET=utf8;
/*!40101 SET character_set_client = @saved_cs_client */;

--
-- Dumping data for table `R_DATABASE_CONTYPE`
--

LOCK TABLES `R_DATABASE_CONTYPE` WRITE;
/*!40000 ALTER TABLE `R_DATABASE_CONTYPE` DISABLE KEYS */;
INSERT INTO `R_DATABASE_CONTYPE` VALUES (1,'Native','Native (JDBC)'),(2,'ODBC','ODBC'),(3,'OCI','OCI'),(4,'Plugin','Plugin specific access method'),(5,'JNDI','JNDI'),(6,',','Custom');
/*!40000 ALTER TABLE `R_DATABASE_CONTYPE` ENABLE KEYS */;
UNLOCK TABLES;

--
-- Table structure for table `R_DATABASE_TYPE`
--

DROP TABLE IF EXISTS `R_DATABASE_TYPE`;
/*!40101 SET @saved_cs_client     = @@character_set_client */;
/*!40101 SET character_set_client = utf8 */;
CREATE TABLE `R_DATABASE_TYPE` (
  `ID_DATABASE_TYPE` bigint(20) NOT NULL,
  `CODE` varchar(255) DEFAULT NULL,
  `DESCRIPTION` varchar(255) DEFAULT NULL,
  PRIMARY KEY (`ID_DATABASE_TYPE`)
) ENGINE=InnoDB DEFAULT CHARSET=utf8;
/*!40101 SET character_set_client = @saved_cs_client */;

--
-- Dumping data for table `R_DATABASE_TYPE`
--

LOCK TABLES `R_DATABASE_TYPE` WRITE;
/*!40000 ALTER TABLE `R_DATABASE_TYPE` DISABLE KEYS */;
INSERT INTO `R_DATABASE_TYPE` VALUES (1,'INGRES','Ingres'),(2,'MARIADB','MariaDB'),(3,'INTERBASE','Borland Interbase'),(4,'INFOBRIGHT','Infobright'),(5,'IMPALA','Impala'),(6,'ORACLE','Oracle'),(7,'EXTENDB','ExtenDB'),(8,'MSACCESS','MS Access'),(9,'SYBASE','Sybase'),(10,'PALO','Palo MOLAP Server'),(11,'INFORMIX','Informix'),(12,'LucidDB','LucidDB'),(13,'TERADATA','Teradata'),(14,'UNIVERSE','UniVerse database'),(15,'MONETDB','MonetDB'),(16,'IMPALASIMBA','Cloudera Impala'),(17,'HIVE2','Hadoop Hive 2'),(18,'CACHE','Intersystems Cache'),(19,'MSSQL','MS SQL Server'),(20,'GREENPLUM','Greenplum'),(21,'GENERIC','Generic database'),(22,'SQLITE','SQLite'),(23,'REMEDY-AR-SYSTEM','Remedy Action Request System'),(24,'MONDRIAN','Native Mondrian'),(25,'NETEZZA','Netezza'),(26,'VERTICA5','Vertica 5+'),(27,'POSTGRESQL','PostgreSQL'),(28,'EXASOL4','Exasol 4'),(29,'HYPERSONIC','Hypersonic'),(30,'AS/400','AS/400'),(31,'ORACLERDB','Oracle RDB'),(32,'DBASE','dBase III, IV or 5'),(33,'KINGBASEES','KingbaseES'),(34,'KettleThin','Pentaho Data Services'),(35,'SAPR3','SAP ERP System'),(36,'SQLBASE','Gupta SQL Base'),(37,'DERBY','Apache Derby'),(38,'VERTICA','Vertica'),(39,'INFINIDB','Calpont InfiniDB'),(40,'SPARKSIMBA','SparkSQL'),(41,'MYSQL','MySQL'),(42,'MSSQLNATIVE','MS SQL Server (Native)'),(43,'H2','H2'),(44,'SAPDB','MaxDB (SAP DB)'),(45,'VECTORWISE','Ingres VectorWise'),(46,'DB2','IBM DB2'),(47,'NEOVIEW','Neoview'),(48,'SYBASEIQ','SybaseIQ'),(49,'REDSHIFT','Redshift'),(50,'HIVE','Hadoop Hive'),(51,'FIREBIRD','Firebird SQL'),(52,'OpenERPDatabaseMeta','OpenERP Server');
/*!40000 ALTER TABLE `R_DATABASE_TYPE` ENABLE KEYS */;
UNLOCK TABLES;

--
-- Table structure for table `R_DEPENDENCY`
--

DROP TABLE IF EXISTS `R_DEPENDENCY`;
/*!40101 SET @saved_cs_client     = @@character_set_client */;
/*!40101 SET character_set_client = utf8 */;
CREATE TABLE `R_DEPENDENCY` (
  `ID_DEPENDENCY` bigint(20) NOT NULL,
  `ID_TRANSFORMATION` int(11) DEFAULT NULL,
  `ID_DATABASE` int(11) DEFAULT NULL,
  `TABLE_NAME` varchar(255) DEFAULT NULL,
  `FIELD_NAME` varchar(255) DEFAULT NULL,
  PRIMARY KEY (`ID_DEPENDENCY`)
) ENGINE=InnoDB DEFAULT CHARSET=utf8;
/*!40101 SET character_set_client = @saved_cs_client */;

--
-- Dumping data for table `R_DEPENDENCY`
--

LOCK TABLES `R_DEPENDENCY` WRITE;
/*!40000 ALTER TABLE `R_DEPENDENCY` DISABLE KEYS */;
/*!40000 ALTER TABLE `R_DEPENDENCY` ENABLE KEYS */;
UNLOCK TABLES;

--
-- Table structure for table `R_DIRECTORY`
--

DROP TABLE IF EXISTS `R_DIRECTORY`;
/*!40101 SET @saved_cs_client     = @@character_set_client */;
/*!40101 SET character_set_client = utf8 */;
CREATE TABLE `R_DIRECTORY` (
  `ID_DIRECTORY` bigint(20) NOT NULL,
  `ID_DIRECTORY_PARENT` int(11) DEFAULT NULL,
  `DIRECTORY_NAME` varchar(255) DEFAULT NULL,
  PRIMARY KEY (`ID_DIRECTORY`),
  UNIQUE KEY `IDX_RDIR` (`ID_DIRECTORY_PARENT`,`DIRECTORY_NAME`)
) ENGINE=InnoDB DEFAULT CHARSET=utf8;
/*!40101 SET character_set_client = @saved_cs_client */;

--
-- Dumping data for table `R_DIRECTORY`
--

LOCK TABLES `R_DIRECTORY` WRITE;
/*!40000 ALTER TABLE `R_DIRECTORY` DISABLE KEYS */;
/*!40000 ALTER TABLE `R_DIRECTORY` ENABLE KEYS */;
UNLOCK TABLES;

--
-- Table structure for table `R_ELEMENT`
--

DROP TABLE IF EXISTS `R_ELEMENT`;
/*!40101 SET @saved_cs_client     = @@character_set_client */;
/*!40101 SET character_set_client = utf8 */;
CREATE TABLE `R_ELEMENT` (
  `ID_ELEMENT` bigint(20) NOT NULL,
  `ID_ELEMENT_TYPE` int(11) DEFAULT NULL,
  `NAME` mediumtext,
  PRIMARY KEY (`ID_ELEMENT`)
) ENGINE=InnoDB DEFAULT CHARSET=utf8;
/*!40101 SET character_set_client = @saved_cs_client */;

--
-- Dumping data for table `R_ELEMENT`
--

LOCK TABLES `R_ELEMENT` WRITE;
/*!40000 ALTER TABLE `R_ELEMENT` DISABLE KEYS */;
/*!40000 ALTER TABLE `R_ELEMENT` ENABLE KEYS */;
UNLOCK TABLES;

--
-- Table structure for table `R_ELEMENT_ATTRIBUTE`
--

DROP TABLE IF EXISTS `R_ELEMENT_ATTRIBUTE`;
/*!40101 SET @saved_cs_client     = @@character_set_client */;
/*!40101 SET character_set_client = utf8 */;
CREATE TABLE `R_ELEMENT_ATTRIBUTE` (
  `ID_ELEMENT_ATTRIBUTE` bigint(20) NOT NULL,
  `ID_ELEMENT` int(11) DEFAULT NULL,
  `ID_ELEMENT_ATTRIBUTE_PARENT` int(11) DEFAULT NULL,
  `ATTR_KEY` varchar(255) DEFAULT NULL,
  `ATTR_VALUE` mediumtext,
  PRIMARY KEY (`ID_ELEMENT_ATTRIBUTE`)
) ENGINE=InnoDB DEFAULT CHARSET=utf8;
/*!40101 SET character_set_client = @saved_cs_client */;

--
-- Dumping data for table `R_ELEMENT_ATTRIBUTE`
--

LOCK TABLES `R_ELEMENT_ATTRIBUTE` WRITE;
/*!40000 ALTER TABLE `R_ELEMENT_ATTRIBUTE` DISABLE KEYS */;
/*!40000 ALTER TABLE `R_ELEMENT_ATTRIBUTE` ENABLE KEYS */;
UNLOCK TABLES;

--
-- Table structure for table `R_ELEMENT_TYPE`
--

DROP TABLE IF EXISTS `R_ELEMENT_TYPE`;
/*!40101 SET @saved_cs_client     = @@character_set_client */;
/*!40101 SET character_set_client = utf8 */;
CREATE TABLE `R_ELEMENT_TYPE` (
  `ID_ELEMENT_TYPE` bigint(20) NOT NULL,
  `ID_NAMESPACE` int(11) DEFAULT NULL,
  `NAME` mediumtext,
  `DESCRIPTION` mediumtext,
  PRIMARY KEY (`ID_ELEMENT_TYPE`)
) ENGINE=InnoDB DEFAULT CHARSET=utf8;
/*!40101 SET character_set_client = @saved_cs_client */;

--
-- Dumping data for table `R_ELEMENT_TYPE`
--

LOCK TABLES `R_ELEMENT_TYPE` WRITE;
/*!40000 ALTER TABLE `R_ELEMENT_TYPE` DISABLE KEYS */;
/*!40000 ALTER TABLE `R_ELEMENT_TYPE` ENABLE KEYS */;
UNLOCK TABLES;

--
-- Table structure for table `R_JOB`
--

DROP TABLE IF EXISTS `R_JOB`;
/*!40101 SET @saved_cs_client     = @@character_set_client */;
/*!40101 SET character_set_client = utf8 */;
CREATE TABLE `R_JOB` (
  `ID_JOB` bigint(20) NOT NULL,
  `ID_DIRECTORY` int(11) DEFAULT NULL,
  `NAME` varchar(255) DEFAULT NULL,
  `DESCRIPTION` mediumtext,
  `EXTENDED_DESCRIPTION` mediumtext,
  `JOB_VERSION` varchar(255) DEFAULT NULL,
  `JOB_STATUS` int(11) DEFAULT NULL,
  `ID_DATABASE_LOG` int(11) DEFAULT NULL,
  `TABLE_NAME_LOG` varchar(255) DEFAULT NULL,
  `CREATED_USER` varchar(255) DEFAULT NULL,
  `CREATED_DATE` datetime DEFAULT NULL,
  `MODIFIED_USER` varchar(255) DEFAULT NULL,
  `MODIFIED_DATE` datetime DEFAULT NULL,
  `USE_BATCH_ID` tinyint(1) DEFAULT NULL,
  `PASS_BATCH_ID` tinyint(1) DEFAULT NULL,
  `USE_LOGFIELD` tinyint(1) DEFAULT NULL,
  `SHARED_FILE` varchar(255) DEFAULT NULL,
  PRIMARY KEY (`ID_JOB`)
) ENGINE=InnoDB DEFAULT CHARSET=utf8;
/*!40101 SET character_set_client = @saved_cs_client */;

--
-- Dumping data for table `R_JOB`
--

LOCK TABLES `R_JOB` WRITE;
/*!40000 ALTER TABLE `R_JOB` DISABLE KEYS */;
INSERT INTO `R_JOB` VALUES (1,0,'loop',NULL,NULL,NULL,0,-1,NULL,'admin','2018-07-14 14:55:11','admin','2018-07-14 21:20:01',1,0,1,NULL),(2,0,'samplejob',NULL,NULL,NULL,0,-1,NULL,'admin','2018-07-14 14:55:11','admin','2018-08-18 19:00:01',1,0,1,NULL);
/*!40000 ALTER TABLE `R_JOB` ENABLE KEYS */;
UNLOCK TABLES;

--
-- Table structure for table `R_JOBENTRY`
--

DROP TABLE IF EXISTS `R_JOBENTRY`;
/*!40101 SET @saved_cs_client     = @@character_set_client */;
/*!40101 SET character_set_client = utf8 */;
CREATE TABLE `R_JOBENTRY` (
  `ID_JOBENTRY` bigint(20) NOT NULL,
  `ID_JOB` int(11) DEFAULT NULL,
  `ID_JOBENTRY_TYPE` int(11) DEFAULT NULL,
  `NAME` varchar(255) DEFAULT NULL,
  `DESCRIPTION` mediumtext,
  PRIMARY KEY (`ID_JOBENTRY`)
) ENGINE=InnoDB DEFAULT CHARSET=utf8;
/*!40101 SET character_set_client = @saved_cs_client */;

--
-- Dumping data for table `R_JOBENTRY`
--

LOCK TABLES `R_JOBENTRY` WRITE;
/*!40000 ALTER TABLE `R_JOBENTRY` DISABLE KEYS */;
INSERT INTO `R_JOBENTRY` VALUES (17,1,7,'START',NULL),(18,1,68,'Success',NULL),(19,1,49,'Set variables',NULL),(20,1,81,'循环',NULL),(21,1,39,'等待',NULL),(22,1,22,'Job',NULL),(23,1,24,'Abort job',NULL),(24,1,37,'累加器',NULL),(25,2,7,'START',NULL),(26,2,68,'Success',NULL),(27,2,39,'Wait for',NULL);
/*!40000 ALTER TABLE `R_JOBENTRY` ENABLE KEYS */;
UNLOCK TABLES;

--
-- Table structure for table `R_JOBENTRY_ATTRIBUTE`
--

DROP TABLE IF EXISTS `R_JOBENTRY_ATTRIBUTE`;
/*!40101 SET @saved_cs_client     = @@character_set_client */;
/*!40101 SET character_set_client = utf8 */;
CREATE TABLE `R_JOBENTRY_ATTRIBUTE` (
  `ID_JOBENTRY_ATTRIBUTE` bigint(20) NOT NULL,
  `ID_JOB` int(11) DEFAULT NULL,
  `ID_JOBENTRY` int(11) DEFAULT NULL,
  `NR` int(11) DEFAULT NULL,
  `CODE` varchar(255) DEFAULT NULL,
  `VALUE_NUM` double DEFAULT NULL,
  `VALUE_STR` mediumtext,
  PRIMARY KEY (`ID_JOBENTRY_ATTRIBUTE`),
  UNIQUE KEY `IDX_RJEA` (`ID_JOBENTRY_ATTRIBUTE`,`CODE`,`NR`)
) ENGINE=InnoDB DEFAULT CHARSET=utf8;
/*!40101 SET character_set_client = @saved_cs_client */;

--
-- Dumping data for table `R_JOBENTRY_ATTRIBUTE`
--

LOCK TABLES `R_JOBENTRY_ATTRIBUTE` WRITE;
/*!40000 ALTER TABLE `R_JOBENTRY_ATTRIBUTE` DISABLE KEYS */;
INSERT INTO `R_JOBENTRY_ATTRIBUTE` VALUES (131,1,17,0,'start',0,'Y'),(132,1,17,0,'dummy',0,'N'),(133,1,17,0,'repeat',0,'N'),(134,1,17,0,'schedulerType',0,NULL),(135,1,17,0,'intervalSeconds',0,NULL),(136,1,17,0,'intervalMinutes',60,NULL),(137,1,17,0,'hour',12,NULL),(138,1,17,0,'minutes',0,NULL),(139,1,17,0,'weekDay',1,NULL),(140,1,17,0,'dayOfMonth',1,NULL),(141,1,19,0,'replacevars',0,'Y'),(142,1,19,0,'filename',0,NULL),(143,1,19,0,'file_variable_type',0,'JVM'),(144,1,19,0,'variable_name',0,'forever'),(145,1,19,0,'variable_value',0,'1'),(146,1,19,0,'variable_type',0,'CURRENT_JOB'),(147,1,19,1,'variable_name',0,'i'),(148,1,19,1,'variable_value',0,'0'),(149,1,19,1,'variable_type',0,'CURRENT_JOB'),(150,1,20,0,'valuetype',0,'variable'),(151,1,20,0,'fieldname',0,'${forever}'),(152,1,20,0,'variablename',0,'${forever}'),(153,1,20,0,'fieldtype',0,'string'),(154,1,20,0,'mask',0,NULL),(155,1,20,0,'comparevalue',0,'1'),(156,1,20,0,'minvalue',0,NULL),(157,1,20,0,'maxvalue',0,NULL),(158,1,20,0,'successcondition',0,'equal'),(159,1,20,0,'successnumbercondition',0,'equal'),(160,1,20,0,'successbooleancondition',0,'false'),(161,1,20,0,'successwhenvarset',0,'N'),(162,1,21,0,'maximumTimeout',0,'1'),(163,1,21,0,'scaletime',0,NULL),(164,1,22,0,'specification_method',0,'rep_name'),(165,1,22,0,'job_object_id',0,NULL),(166,1,22,0,'name',0,'samplejob'),(167,1,22,0,'dir_path',0,'${Internal.Entry.Current.Directory}'),(168,1,22,0,'file_name',0,NULL),(169,1,22,0,'arg_from_previous',0,'N'),(170,1,22,0,'params_from_previous',0,'N'),(171,1,22,0,'exec_per_row',0,'N'),(172,1,22,0,'set_logfile',0,'N'),(173,1,22,0,'add_date',0,'N'),(174,1,22,0,'add_time',0,'N'),(175,1,22,0,'logfile',0,NULL),(176,1,22,0,'logext',0,NULL),(177,1,22,0,'set_append_logfile',0,'N'),(178,1,22,0,'loglevel',0,'Nothing'),(179,1,22,0,'slave_server_name',0,NULL),(180,1,22,0,'pass_export',0,'N'),(181,1,22,0,'wait_until_finished',0,'Y'),(182,1,22,0,'follow_abort_remote',0,'N'),(183,1,22,0,'expand_remote_job',0,'N'),(184,1,22,0,'create_parent_folder',0,'N'),(185,1,22,0,'pass_all_parameters',0,'N'),(186,1,23,0,'message',0,NULL),(187,1,24,0,'script',0,'var i = new Number(parent_job.getVariable(\"i\"))+1;\nparent_job.setVariable(\"i\",i);\ntrue;'),(188,2,25,0,'start',0,'Y'),(189,2,25,0,'dummy',0,'N'),(190,2,25,0,'repeat',0,'N'),(191,2,25,0,'schedulerType',0,NULL),(192,2,25,0,'intervalSeconds',0,NULL),(193,2,25,0,'intervalMinutes',60,NULL),(194,2,25,0,'hour',12,NULL),(195,2,25,0,'minutes',0,NULL),(196,2,25,0,'weekDay',1,NULL),(197,2,25,0,'dayOfMonth',1,NULL),(198,2,27,0,'maximumTimeout',0,'120'),(199,2,27,0,'scaletime',0,NULL);
/*!40000 ALTER TABLE `R_JOBENTRY_ATTRIBUTE` ENABLE KEYS */;
UNLOCK TABLES;

--
-- Table structure for table `R_JOBENTRY_COPY`
--

DROP TABLE IF EXISTS `R_JOBENTRY_COPY`;
/*!40101 SET @saved_cs_client     = @@character_set_client */;
/*!40101 SET character_set_client = utf8 */;
CREATE TABLE `R_JOBENTRY_COPY` (
  `ID_JOBENTRY_COPY` bigint(20) NOT NULL,
  `ID_JOBENTRY` int(11) DEFAULT NULL,
  `ID_JOB` int(11) DEFAULT NULL,
  `ID_JOBENTRY_TYPE` int(11) DEFAULT NULL,
  `NR` int(11) DEFAULT NULL,
  `GUI_LOCATION_X` int(11) DEFAULT NULL,
  `GUI_LOCATION_Y` int(11) DEFAULT NULL,
  `GUI_DRAW` tinyint(1) DEFAULT NULL,
  `PARALLEL` tinyint(1) DEFAULT NULL,
  PRIMARY KEY (`ID_JOBENTRY_COPY`)
) ENGINE=InnoDB DEFAULT CHARSET=utf8;
/*!40101 SET character_set_client = @saved_cs_client */;

--
-- Dumping data for table `R_JOBENTRY_COPY`
--

LOCK TABLES `R_JOBENTRY_COPY` WRITE;
/*!40000 ALTER TABLE `R_JOBENTRY_COPY` DISABLE KEYS */;
INSERT INTO `R_JOBENTRY_COPY` VALUES (17,17,1,7,0,16,48,1,0),(18,18,1,68,0,592,48,1,0),(19,19,1,49,0,176,48,1,0),(20,20,1,81,0,368,48,1,0),(21,21,1,39,0,464,160,1,0),(22,22,1,22,0,272,160,1,0),(23,23,1,24,0,368,336,1,0),(24,24,1,37,0,368,160,1,0),(25,25,2,7,0,288,112,1,0),(26,26,2,68,0,432,112,1,0),(27,27,2,39,0,240,240,1,0);
/*!40000 ALTER TABLE `R_JOBENTRY_COPY` ENABLE KEYS */;
UNLOCK TABLES;

--
-- Table structure for table `R_JOBENTRY_DATABASE`
--

DROP TABLE IF EXISTS `R_JOBENTRY_DATABASE`;
/*!40101 SET @saved_cs_client     = @@character_set_client */;
/*!40101 SET character_set_client = utf8 */;
CREATE TABLE `R_JOBENTRY_DATABASE` (
  `ID_JOB` int(11) DEFAULT NULL,
  `ID_JOBENTRY` int(11) DEFAULT NULL,
  `ID_DATABASE` int(11) DEFAULT NULL,
  KEY `IDX_RJD1` (`ID_JOB`),
  KEY `IDX_RJD2` (`ID_DATABASE`)
) ENGINE=InnoDB DEFAULT CHARSET=utf8;
/*!40101 SET character_set_client = @saved_cs_client */;

--
-- Dumping data for table `R_JOBENTRY_DATABASE`
--

LOCK TABLES `R_JOBENTRY_DATABASE` WRITE;
/*!40000 ALTER TABLE `R_JOBENTRY_DATABASE` DISABLE KEYS */;
/*!40000 ALTER TABLE `R_JOBENTRY_DATABASE` ENABLE KEYS */;
UNLOCK TABLES;

--
-- Table structure for table `R_JOBENTRY_TYPE`
--

DROP TABLE IF EXISTS `R_JOBENTRY_TYPE`;
/*!40101 SET @saved_cs_client     = @@character_set_client */;
/*!40101 SET character_set_client = utf8 */;
CREATE TABLE `R_JOBENTRY_TYPE` (
  `ID_JOBENTRY_TYPE` bigint(20) NOT NULL,
  `CODE` varchar(255) DEFAULT NULL,
  `DESCRIPTION` varchar(255) DEFAULT NULL,
  PRIMARY KEY (`ID_JOBENTRY_TYPE`)
) ENGINE=InnoDB DEFAULT CHARSET=utf8;
/*!40101 SET character_set_client = @saved_cs_client */;

--
-- Dumping data for table `R_JOBENTRY_TYPE`
--

LOCK TABLES `R_JOBENTRY_TYPE` WRITE;
/*!40000 ALTER TABLE `R_JOBENTRY_TYPE` DISABLE KEYS */;
INSERT INTO `R_JOBENTRY_TYPE` VALUES (1,'SparkSubmit','Spark Submit'),(2,'SqoopExport','Sqoop Export'),(3,'WEBSERVICE_AVAILABLE','Check webservice availability'),(4,'MYSQL_BULK_FILE','BulkLoad from Mysql into file'),(5,'COPY_MOVE_RESULT_FILENAMES','Process result filenames'),(6,'XSD_VALIDATOR','XSD Validator'),(7,'SPECIAL','Special entries'),(8,'FILE_COMPARE','File Compare'),(9,'CREATE_FOLDER','Create a folder'),(10,'MAIL_VALIDATOR','Mail validator'),(11,'PALO_CUBE_DELETE','Palo Cube Delete'),(12,'MAIL','Mail'),(13,'TRUNCATE_TABLES','Truncate tables'),(14,'MSGBOX_INFO','Display Msgbox Info'),(15,'WAIT_FOR_SQL','Wait for SQL'),(16,'FTPS_GET','Get a file with FTPS'),(17,'FTP_DELETE','FTP Delete'),(18,'CHECK_FILES_LOCKED','Check files locked'),(19,'COLUMNS_EXIST','Columns exist in a table'),(20,'HadoopPigScriptExecutorPlugin','Pig Script Executor'),(21,'UNZIP','Unzip file'),(22,'JOB','Job'),(23,'DELETE_FILE','Delete file'),(24,'ABORT','Abort job'),(25,'SHELL','Shell'),(26,'HiveJobExecutorPlugin','Amazon Hive Job Executor'),(27,'XML_WELL_FORMED','Check if XML file is well formed'),(28,'SFTP','Get a file with SFTP'),(29,'HTTP','HTTP'),(30,'FTP_PUT','Put a file with FTP'),(31,'SQL','SQL'),(32,'WRITE_TO_FILE','Write to file'),(33,'HadoopJobExecutorPlugin','Hadoop Job Executor '),(34,'PGP_VERIFY_FILES','Verify file signature with PGP'),(35,'DOS_UNIX_CONVERTER','Convert file between Windows and Unix'),(36,'PGP_DECRYPT_FILES','Decrypt files with PGP'),(37,'EVAL','JavaScript'),(38,'TALEND_JOB_EXEC','Talend Job Execution'),(39,'DELAY','Wait for'),(40,'HL7MLLPAcknowledge','HL7 MLLP Acknowledge'),(41,'PALO_CUBE_CREATE','Palo Cube Create'),(42,'FTP','Get a file with FTP'),(43,'OozieJobExecutor','Oozie Job Executor'),(44,'FOLDERS_COMPARE','Compare folders'),(45,'ZIP_FILE','Zip file'),(46,'GET_POP','Get mails (POP3/IMAP)'),(47,'TRANS','Transformation'),(48,'SEND_NAGIOS_PASSIVE_CHECK','Send Nagios passive check'),(49,'SET_VARIABLES','Set variables'),(50,'MS_ACCESS_BULK_LOAD','MS Access Bulk Load'),(51,'DummyJob','Example Job'),(52,'COPY_FILES','Copy Files'),(53,'EVAL_FILES_METRICS','Evaluate files metrics'),(54,'SqoopImport','Sqoop Import'),(55,'ADD_RESULT_FILENAMES','Add filenames to result'),(56,'PING','Ping a host'),(57,'CHECK_DB_CONNECTIONS','Check Db connections'),(58,'DELETE_FOLDERS','Delete folders'),(59,'FILE_EXISTS','File Exists'),(60,'EVAL_TABLE_CONTENT','Evaluate rows number in a table'),(61,'FILES_EXIST','Checks if files exist'),(62,'HadoopCopyFilesPlugin','Hadoop Copy Files'),(63,'SFTPPUT','Put a file with SFTP'),(64,'DELETE_RESULT_FILENAMES','Delete filenames from result'),(65,'DELETE_FILES','Delete files'),(66,'FTPS_PUT','Upload files to FTPS'),(67,'PGP_ENCRYPT_FILES','Encrypt files with PGP'),(68,'SUCCESS','Success'),(69,'WAIT_FOR_FILE','Wait for file'),(70,'WRITE_TO_LOG','Write To Log'),(71,'DATASOURCE_PUBLISH','Publish Model'),(72,'MSSQL_BULK_LOAD','BulkLoad into MSSQL'),(73,'TELNET','Telnet a host'),(74,'MOVE_FILES','Move Files'),(75,'XSLT','XSL Transformation'),(76,'EMRJobExecutorPlugin','Amazon EMR Job Executor'),(77,'HadoopTransJobExecutorPlugin','Pentaho MapReduce'),(78,'DTD_VALIDATOR','DTD Validator'),(79,'HL7MLLPInput','HL7 MLLP Input'),(80,'FOLDER_IS_EMPTY','Check if a folder is empty'),(81,'SIMPLE_EVAL','Simple evaluation'),(82,'EXPORT_REPOSITORY','Export repository to XML file'),(83,'SYSLOG','Send information using Syslog'),(84,'TABLE_EXISTS','Table exists'),(85,'DataRefineryBuildModel','Build Model'),(86,'MYSQL_BULK_LOAD','BulkLoad into Mysql'),(87,'CREATE_FILE','Create file'),(88,'CONNECTED_TO_REPOSITORY','Check if connected to repository'),(89,'SNMP_TRAP','Send SNMP trap');
/*!40000 ALTER TABLE `R_JOBENTRY_TYPE` ENABLE KEYS */;
UNLOCK TABLES;

--
-- Table structure for table `R_JOB_ATTRIBUTE`
--

DROP TABLE IF EXISTS `R_JOB_ATTRIBUTE`;
/*!40101 SET @saved_cs_client     = @@character_set_client */;
/*!40101 SET character_set_client = utf8 */;
CREATE TABLE `R_JOB_ATTRIBUTE` (
  `ID_JOB_ATTRIBUTE` bigint(20) NOT NULL,
  `ID_JOB` int(11) DEFAULT NULL,
  `NR` int(11) DEFAULT NULL,
  `CODE` varchar(255) DEFAULT NULL,
  `VALUE_NUM` bigint(20) DEFAULT NULL,
  `VALUE_STR` mediumtext,
  PRIMARY KEY (`ID_JOB_ATTRIBUTE`),
  UNIQUE KEY `IDX_JATT` (`ID_JOB`,`CODE`,`NR`)
) ENGINE=InnoDB DEFAULT CHARSET=utf8;
/*!40101 SET character_set_client = @saved_cs_client */;

--
-- Dumping data for table `R_JOB_ATTRIBUTE`
--

LOCK TABLES `R_JOB_ATTRIBUTE` WRITE;
/*!40000 ALTER TABLE `R_JOB_ATTRIBUTE` DISABLE KEYS */;
INSERT INTO `R_JOB_ATTRIBUTE` VALUES (661,1,0,'LOG_SIZE_LIMIT',0,NULL),(662,1,0,'JOB_LOG_TABLE_CONNECTION_NAME',0,NULL),(663,1,0,'JOB_LOG_TABLE_SCHEMA_NAME',0,NULL),(664,1,0,'JOB_LOG_TABLE_TABLE_NAME',0,NULL),(665,1,0,'JOB_LOG_TABLE_TIMEOUT_IN_DAYS',0,NULL),(666,1,0,'JOB_LOG_TABLE_FIELD_ID0',0,'ID_JOB'),(667,1,0,'JOB_LOG_TABLE_FIELD_NAME0',0,'ID_JOB'),(668,1,0,'JOB_LOG_TABLE_FIELD_ENABLED0',0,'Y'),(669,1,0,'JOB_LOG_TABLE_FIELD_ID1',0,'CHANNEL_ID'),(670,1,0,'JOB_LOG_TABLE_FIELD_NAME1',0,'CHANNEL_ID'),(671,1,0,'JOB_LOG_TABLE_FIELD_ENABLED1',0,'Y'),(672,1,0,'JOB_LOG_TABLE_FIELD_ID2',0,'JOBNAME'),(673,1,0,'JOB_LOG_TABLE_FIELD_NAME2',0,'JOBNAME'),(674,1,0,'JOB_LOG_TABLE_FIELD_ENABLED2',0,'Y'),(675,1,0,'JOB_LOG_TABLE_FIELD_ID3',0,'STATUS'),(676,1,0,'JOB_LOG_TABLE_FIELD_NAME3',0,'STATUS'),(677,1,0,'JOB_LOG_TABLE_FIELD_ENABLED3',0,'Y'),(678,1,0,'JOB_LOG_TABLE_FIELD_ID4',0,'LINES_READ'),(679,1,0,'JOB_LOG_TABLE_FIELD_NAME4',0,'LINES_READ'),(680,1,0,'JOB_LOG_TABLE_FIELD_ENABLED4',0,'Y'),(681,1,0,'JOB_LOG_TABLE_FIELD_ID5',0,'LINES_WRITTEN'),(682,1,0,'JOB_LOG_TABLE_FIELD_NAME5',0,'LINES_WRITTEN'),(683,1,0,'JOB_LOG_TABLE_FIELD_ENABLED5',0,'Y'),(684,1,0,'JOB_LOG_TABLE_FIELD_ID6',0,'LINES_UPDATED'),(685,1,0,'JOB_LOG_TABLE_FIELD_NAME6',0,'LINES_UPDATED'),(686,1,0,'JOB_LOG_TABLE_FIELD_ENABLED6',0,'Y'),(687,1,0,'JOB_LOG_TABLE_FIELD_ID7',0,'LINES_INPUT'),(688,1,0,'JOB_LOG_TABLE_FIELD_NAME7',0,'LINES_INPUT'),(689,1,0,'JOB_LOG_TABLE_FIELD_ENABLED7',0,'Y'),(690,1,0,'JOB_LOG_TABLE_FIELD_ID8',0,'LINES_OUTPUT'),(691,1,0,'JOB_LOG_TABLE_FIELD_NAME8',0,'LINES_OUTPUT'),(692,1,0,'JOB_LOG_TABLE_FIELD_ENABLED8',0,'Y'),(693,1,0,'JOB_LOG_TABLE_FIELD_ID9',0,'LINES_REJECTED'),(694,1,0,'JOB_LOG_TABLE_FIELD_NAME9',0,'LINES_REJECTED'),(695,1,0,'JOB_LOG_TABLE_FIELD_ENABLED9',0,'Y'),(696,1,0,'JOB_LOG_TABLE_FIELD_ID10',0,'ERRORS'),(697,1,0,'JOB_LOG_TABLE_FIELD_NAME10',0,'ERRORS'),(698,1,0,'JOB_LOG_TABLE_FIELD_ENABLED10',0,'Y'),(699,1,0,'JOB_LOG_TABLE_FIELD_ID11',0,'STARTDATE'),(700,1,0,'JOB_LOG_TABLE_FIELD_NAME11',0,'STARTDATE'),(701,1,0,'JOB_LOG_TABLE_FIELD_ENABLED11',0,'Y'),(702,1,0,'JOB_LOG_TABLE_FIELD_ID12',0,'ENDDATE'),(703,1,0,'JOB_LOG_TABLE_FIELD_NAME12',0,'ENDDATE'),(704,1,0,'JOB_LOG_TABLE_FIELD_ENABLED12',0,'Y'),(705,1,0,'JOB_LOG_TABLE_FIELD_ID13',0,'LOGDATE'),(706,1,0,'JOB_LOG_TABLE_FIELD_NAME13',0,'LOGDATE'),(707,1,0,'JOB_LOG_TABLE_FIELD_ENABLED13',0,'Y'),(708,1,0,'JOB_LOG_TABLE_FIELD_ID14',0,'DEPDATE'),(709,1,0,'JOB_LOG_TABLE_FIELD_NAME14',0,'DEPDATE'),(710,1,0,'JOB_LOG_TABLE_FIELD_ENABLED14',0,'Y'),(711,1,0,'JOB_LOG_TABLE_FIELD_ID15',0,'REPLAYDATE'),(712,1,0,'JOB_LOG_TABLE_FIELD_NAME15',0,'REPLAYDATE'),(713,1,0,'JOB_LOG_TABLE_FIELD_ENABLED15',0,'Y'),(714,1,0,'JOB_LOG_TABLE_FIELD_ID16',0,'LOG_FIELD'),(715,1,0,'JOB_LOG_TABLE_FIELD_NAME16',0,'LOG_FIELD'),(716,1,0,'JOB_LOG_TABLE_FIELD_ENABLED16',0,'Y'),(717,1,0,'JOB_LOG_TABLE_FIELD_ID17',0,'EXECUTING_SERVER'),(718,1,0,'JOB_LOG_TABLE_FIELD_NAME17',0,'EXECUTING_SERVER'),(719,1,0,'JOB_LOG_TABLE_FIELD_ENABLED17',0,'N'),(720,1,0,'JOB_LOG_TABLE_FIELD_ID18',0,'EXECUTING_USER'),(721,1,0,'JOB_LOG_TABLE_FIELD_NAME18',0,'EXECUTING_USER'),(722,1,0,'JOB_LOG_TABLE_FIELD_ENABLED18',0,'N'),(723,1,0,'JOB_LOG_TABLE_FIELD_ID19',0,'START_JOB_ENTRY'),(724,1,0,'JOB_LOG_TABLE_FIELD_NAME19',0,'START_JOB_ENTRY'),(725,1,0,'JOB_LOG_TABLE_FIELD_ENABLED19',0,'N'),(726,1,0,'JOB_LOG_TABLE_FIELD_ID20',0,'CLIENT'),(727,1,0,'JOB_LOG_TABLE_FIELD_NAME20',0,'CLIENT'),(728,1,0,'JOB_LOG_TABLE_FIELD_ENABLED20',0,'N'),(729,1,0,'JOBLOG_TABLE_INTERVAL',0,NULL),(730,1,0,'JOBLOG_TABLE_SIZE_LIMIT',0,NULL),(731,1,0,'JOB_ENTRY_LOG_TABLE_CONNECTION_NAME',0,NULL),(732,1,0,'JOB_ENTRY_LOG_TABLE_SCHEMA_NAME',0,NULL),(733,1,0,'JOB_ENTRY_LOG_TABLE_TABLE_NAME',0,NULL),(734,1,0,'JOB_ENTRY_LOG_TABLE_TIMEOUT_IN_DAYS',0,NULL),(735,1,0,'JOB_ENTRY_LOG_TABLE_FIELD_ID0',0,'ID_BATCH'),(736,1,0,'JOB_ENTRY_LOG_TABLE_FIELD_NAME0',0,'ID_BATCH'),(737,1,0,'JOB_ENTRY_LOG_TABLE_FIELD_ENABLED0',0,'Y'),(738,1,0,'JOB_ENTRY_LOG_TABLE_FIELD_ID1',0,'CHANNEL_ID'),(739,1,0,'JOB_ENTRY_LOG_TABLE_FIELD_NAME1',0,'CHANNEL_ID'),(740,1,0,'JOB_ENTRY_LOG_TABLE_FIELD_ENABLED1',0,'Y'),(741,1,0,'JOB_ENTRY_LOG_TABLE_FIELD_ID2',0,'LOG_DATE'),(742,1,0,'JOB_ENTRY_LOG_TABLE_FIELD_NAME2',0,'LOG_DATE'),(743,1,0,'JOB_ENTRY_LOG_TABLE_FIELD_ENABLED2',0,'Y'),(744,1,0,'JOB_ENTRY_LOG_TABLE_FIELD_ID3',0,'JOBNAME'),(745,1,0,'JOB_ENTRY_LOG_TABLE_FIELD_NAME3',0,'TRANSNAME'),(746,1,0,'JOB_ENTRY_LOG_TABLE_FIELD_ENABLED3',0,'Y'),(747,1,0,'JOB_ENTRY_LOG_TABLE_FIELD_ID4',0,'JOBENTRYNAME'),(748,1,0,'JOB_ENTRY_LOG_TABLE_FIELD_NAME4',0,'STEPNAME'),(749,1,0,'JOB_ENTRY_LOG_TABLE_FIELD_ENABLED4',0,'Y'),(750,1,0,'JOB_ENTRY_LOG_TABLE_FIELD_ID5',0,'LINES_READ'),(751,1,0,'JOB_ENTRY_LOG_TABLE_FIELD_NAME5',0,'LINES_READ'),(752,1,0,'JOB_ENTRY_LOG_TABLE_FIELD_ENABLED5',0,'Y'),(753,1,0,'JOB_ENTRY_LOG_TABLE_FIELD_ID6',0,'LINES_WRITTEN'),(754,1,0,'JOB_ENTRY_LOG_TABLE_FIELD_NAME6',0,'LINES_WRITTEN'),(755,1,0,'JOB_ENTRY_LOG_TABLE_FIELD_ENABLED6',0,'Y'),(756,1,0,'JOB_ENTRY_LOG_TABLE_FIELD_ID7',0,'LINES_UPDATED'),(757,1,0,'JOB_ENTRY_LOG_TABLE_FIELD_NAME7',0,'LINES_UPDATED'),(758,1,0,'JOB_ENTRY_LOG_TABLE_FIELD_ENABLED7',0,'Y'),(759,1,0,'JOB_ENTRY_LOG_TABLE_FIELD_ID8',0,'LINES_INPUT'),(760,1,0,'JOB_ENTRY_LOG_TABLE_FIELD_NAME8',0,'LINES_INPUT'),(761,1,0,'JOB_ENTRY_LOG_TABLE_FIELD_ENABLED8',0,'Y'),(762,1,0,'JOB_ENTRY_LOG_TABLE_FIELD_ID9',0,'LINES_OUTPUT'),(763,1,0,'JOB_ENTRY_LOG_TABLE_FIELD_NAME9',0,'LINES_OUTPUT'),(764,1,0,'JOB_ENTRY_LOG_TABLE_FIELD_ENABLED9',0,'Y'),(765,1,0,'JOB_ENTRY_LOG_TABLE_FIELD_ID10',0,'LINES_REJECTED'),(766,1,0,'JOB_ENTRY_LOG_TABLE_FIELD_NAME10',0,'LINES_REJECTED'),(767,1,0,'JOB_ENTRY_LOG_TABLE_FIELD_ENABLED10',0,'Y'),(768,1,0,'JOB_ENTRY_LOG_TABLE_FIELD_ID11',0,'ERRORS'),(769,1,0,'JOB_ENTRY_LOG_TABLE_FIELD_NAME11',0,'ERRORS'),(770,1,0,'JOB_ENTRY_LOG_TABLE_FIELD_ENABLED11',0,'Y'),(771,1,0,'JOB_ENTRY_LOG_TABLE_FIELD_ID12',0,'RESULT'),(772,1,0,'JOB_ENTRY_LOG_TABLE_FIELD_NAME12',0,'RESULT'),(773,1,0,'JOB_ENTRY_LOG_TABLE_FIELD_ENABLED12',0,'Y'),(774,1,0,'JOB_ENTRY_LOG_TABLE_FIELD_ID13',0,'NR_RESULT_ROWS'),(775,1,0,'JOB_ENTRY_LOG_TABLE_FIELD_NAME13',0,'NR_RESULT_ROWS'),(776,1,0,'JOB_ENTRY_LOG_TABLE_FIELD_ENABLED13',0,'Y'),(777,1,0,'JOB_ENTRY_LOG_TABLE_FIELD_ID14',0,'NR_RESULT_FILES'),(778,1,0,'JOB_ENTRY_LOG_TABLE_FIELD_NAME14',0,'NR_RESULT_FILES'),(779,1,0,'JOB_ENTRY_LOG_TABLE_FIELD_ENABLED14',0,'Y'),(780,1,0,'JOB_ENTRY_LOG_TABLE_FIELD_ID15',0,'LOG_FIELD'),(781,1,0,'JOB_ENTRY_LOG_TABLE_FIELD_NAME15',0,'LOG_FIELD'),(782,1,0,'JOB_ENTRY_LOG_TABLE_FIELD_ENABLED15',0,'N'),(783,1,0,'JOB_ENTRY_LOG_TABLE_FIELD_ID16',0,'COPY_NR'),(784,1,0,'JOB_ENTRY_LOG_TABLE_FIELD_NAME16',0,'COPY_NR'),(785,1,0,'JOB_ENTRY_LOG_TABLE_FIELD_ENABLED16',0,'N'),(786,1,0,'CHANNEL_LOG_TABLE_CONNECTION_NAME',0,NULL),(787,1,0,'CHANNEL_LOG_TABLE_SCHEMA_NAME',0,NULL),(788,1,0,'CHANNEL_LOG_TABLE_TABLE_NAME',0,NULL),(789,1,0,'CHANNEL_LOG_TABLE_TIMEOUT_IN_DAYS',0,NULL),(790,1,0,'CHANNEL_LOG_TABLE_FIELD_ID0',0,'ID_BATCH'),(791,1,0,'CHANNEL_LOG_TABLE_FIELD_NAME0',0,'ID_BATCH'),(792,1,0,'CHANNEL_LOG_TABLE_FIELD_ENABLED0',0,'Y'),(793,1,0,'CHANNEL_LOG_TABLE_FIELD_ID1',0,'CHANNEL_ID'),(794,1,0,'CHANNEL_LOG_TABLE_FIELD_NAME1',0,'CHANNEL_ID'),(795,1,0,'CHANNEL_LOG_TABLE_FIELD_ENABLED1',0,'Y'),(796,1,0,'CHANNEL_LOG_TABLE_FIELD_ID2',0,'LOG_DATE'),(797,1,0,'CHANNEL_LOG_TABLE_FIELD_NAME2',0,'LOG_DATE'),(798,1,0,'CHANNEL_LOG_TABLE_FIELD_ENABLED2',0,'Y'),(799,1,0,'CHANNEL_LOG_TABLE_FIELD_ID3',0,'LOGGING_OBJECT_TYPE'),(800,1,0,'CHANNEL_LOG_TABLE_FIELD_NAME3',0,'LOGGING_OBJECT_TYPE'),(801,1,0,'CHANNEL_LOG_TABLE_FIELD_ENABLED3',0,'Y'),(802,1,0,'CHANNEL_LOG_TABLE_FIELD_ID4',0,'OBJECT_NAME'),(803,1,0,'CHANNEL_LOG_TABLE_FIELD_NAME4',0,'OBJECT_NAME'),(804,1,0,'CHANNEL_LOG_TABLE_FIELD_ENABLED4',0,'Y'),(805,1,0,'CHANNEL_LOG_TABLE_FIELD_ID5',0,'OBJECT_COPY'),(806,1,0,'CHANNEL_LOG_TABLE_FIELD_NAME5',0,'OBJECT_COPY'),(807,1,0,'CHANNEL_LOG_TABLE_FIELD_ENABLED5',0,'Y'),(808,1,0,'CHANNEL_LOG_TABLE_FIELD_ID6',0,'REPOSITORY_DIRECTORY'),(809,1,0,'CHANNEL_LOG_TABLE_FIELD_NAME6',0,'REPOSITORY_DIRECTORY'),(810,1,0,'CHANNEL_LOG_TABLE_FIELD_ENABLED6',0,'Y'),(811,1,0,'CHANNEL_LOG_TABLE_FIELD_ID7',0,'FILENAME'),(812,1,0,'CHANNEL_LOG_TABLE_FIELD_NAME7',0,'FILENAME'),(813,1,0,'CHANNEL_LOG_TABLE_FIELD_ENABLED7',0,'Y'),(814,1,0,'CHANNEL_LOG_TABLE_FIELD_ID8',0,'OBJECT_ID'),(815,1,0,'CHANNEL_LOG_TABLE_FIELD_NAME8',0,'OBJECT_ID'),(816,1,0,'CHANNEL_LOG_TABLE_FIELD_ENABLED8',0,'Y'),(817,1,0,'CHANNEL_LOG_TABLE_FIELD_ID9',0,'OBJECT_REVISION'),(818,1,0,'CHANNEL_LOG_TABLE_FIELD_NAME9',0,'OBJECT_REVISION'),(819,1,0,'CHANNEL_LOG_TABLE_FIELD_ENABLED9',0,'Y'),(820,1,0,'CHANNEL_LOG_TABLE_FIELD_ID10',0,'PARENT_CHANNEL_ID'),(821,1,0,'CHANNEL_LOG_TABLE_FIELD_NAME10',0,'PARENT_CHANNEL_ID'),(822,1,0,'CHANNEL_LOG_TABLE_FIELD_ENABLED10',0,'Y'),(823,1,0,'CHANNEL_LOG_TABLE_FIELD_ID11',0,'ROOT_CHANNEL_ID'),(824,1,0,'CHANNEL_LOG_TABLE_FIELD_NAME11',0,'ROOT_CHANNEL_ID'),(825,1,0,'CHANNEL_LOG_TABLE_FIELD_ENABLED11',0,'Y'),(826,2,0,'LOG_SIZE_LIMIT',0,NULL),(827,2,0,'JOB_LOG_TABLE_CONNECTION_NAME',0,NULL),(828,2,0,'JOB_LOG_TABLE_SCHEMA_NAME',0,NULL),(829,2,0,'JOB_LOG_TABLE_TABLE_NAME',0,NULL),(830,2,0,'JOB_LOG_TABLE_TIMEOUT_IN_DAYS',0,NULL),(831,2,0,'JOB_LOG_TABLE_FIELD_ID0',0,'ID_JOB'),(832,2,0,'JOB_LOG_TABLE_FIELD_NAME0',0,'ID_JOB'),(833,2,0,'JOB_LOG_TABLE_FIELD_ENABLED0',0,'Y'),(834,2,0,'JOB_LOG_TABLE_FIELD_ID1',0,'CHANNEL_ID'),(835,2,0,'JOB_LOG_TABLE_FIELD_NAME1',0,'CHANNEL_ID'),(836,2,0,'JOB_LOG_TABLE_FIELD_ENABLED1',0,'Y'),(837,2,0,'JOB_LOG_TABLE_FIELD_ID2',0,'JOBNAME'),(838,2,0,'JOB_LOG_TABLE_FIELD_NAME2',0,'JOBNAME'),(839,2,0,'JOB_LOG_TABLE_FIELD_ENABLED2',0,'Y'),(840,2,0,'JOB_LOG_TABLE_FIELD_ID3',0,'STATUS'),(841,2,0,'JOB_LOG_TABLE_FIELD_NAME3',0,'STATUS'),(842,2,0,'JOB_LOG_TABLE_FIELD_ENABLED3',0,'Y'),(843,2,0,'JOB_LOG_TABLE_FIELD_ID4',0,'LINES_READ'),(844,2,0,'JOB_LOG_TABLE_FIELD_NAME4',0,'LINES_READ'),(845,2,0,'JOB_LOG_TABLE_FIELD_ENABLED4',0,'Y'),(846,2,0,'JOB_LOG_TABLE_FIELD_ID5',0,'LINES_WRITTEN'),(847,2,0,'JOB_LOG_TABLE_FIELD_NAME5',0,'LINES_WRITTEN'),(848,2,0,'JOB_LOG_TABLE_FIELD_ENABLED5',0,'Y'),(849,2,0,'JOB_LOG_TABLE_FIELD_ID6',0,'LINES_UPDATED'),(850,2,0,'JOB_LOG_TABLE_FIELD_NAME6',0,'LINES_UPDATED'),(851,2,0,'JOB_LOG_TABLE_FIELD_ENABLED6',0,'Y'),(852,2,0,'JOB_LOG_TABLE_FIELD_ID7',0,'LINES_INPUT'),(853,2,0,'JOB_LOG_TABLE_FIELD_NAME7',0,'LINES_INPUT'),(854,2,0,'JOB_LOG_TABLE_FIELD_ENABLED7',0,'Y'),(855,2,0,'JOB_LOG_TABLE_FIELD_ID8',0,'LINES_OUTPUT'),(856,2,0,'JOB_LOG_TABLE_FIELD_NAME8',0,'LINES_OUTPUT'),(857,2,0,'JOB_LOG_TABLE_FIELD_ENABLED8',0,'Y'),(858,2,0,'JOB_LOG_TABLE_FIELD_ID9',0,'LINES_REJECTED'),(859,2,0,'JOB_LOG_TABLE_FIELD_NAME9',0,'LINES_REJECTED'),(860,2,0,'JOB_LOG_TABLE_FIELD_ENABLED9',0,'Y'),(861,2,0,'JOB_LOG_TABLE_FIELD_ID10',0,'ERRORS'),(862,2,0,'JOB_LOG_TABLE_FIELD_NAME10',0,'ERRORS'),(863,2,0,'JOB_LOG_TABLE_FIELD_ENABLED10',0,'Y'),(864,2,0,'JOB_LOG_TABLE_FIELD_ID11',0,'STARTDATE'),(865,2,0,'JOB_LOG_TABLE_FIELD_NAME11',0,'STARTDATE'),(866,2,0,'JOB_LOG_TABLE_FIELD_ENABLED11',0,'Y'),(867,2,0,'JOB_LOG_TABLE_FIELD_ID12',0,'ENDDATE'),(868,2,0,'JOB_LOG_TABLE_FIELD_NAME12',0,'ENDDATE'),(869,2,0,'JOB_LOG_TABLE_FIELD_ENABLED12',0,'Y'),(870,2,0,'JOB_LOG_TABLE_FIELD_ID13',0,'LOGDATE'),(871,2,0,'JOB_LOG_TABLE_FIELD_NAME13',0,'LOGDATE'),(872,2,0,'JOB_LOG_TABLE_FIELD_ENABLED13',0,'Y'),(873,2,0,'JOB_LOG_TABLE_FIELD_ID14',0,'DEPDATE'),(874,2,0,'JOB_LOG_TABLE_FIELD_NAME14',0,'DEPDATE'),(875,2,0,'JOB_LOG_TABLE_FIELD_ENABLED14',0,'Y'),(876,2,0,'JOB_LOG_TABLE_FIELD_ID15',0,'REPLAYDATE'),(877,2,0,'JOB_LOG_TABLE_FIELD_NAME15',0,'REPLAYDATE'),(878,2,0,'JOB_LOG_TABLE_FIELD_ENABLED15',0,'Y'),(879,2,0,'JOB_LOG_TABLE_FIELD_ID16',0,'LOG_FIELD'),(880,2,0,'JOB_LOG_TABLE_FIELD_NAME16',0,'LOG_FIELD'),(881,2,0,'JOB_LOG_TABLE_FIELD_ENABLED16',0,'Y'),(882,2,0,'JOB_LOG_TABLE_FIELD_ID17',0,'EXECUTING_SERVER'),(883,2,0,'JOB_LOG_TABLE_FIELD_NAME17',0,'EXECUTING_SERVER'),(884,2,0,'JOB_LOG_TABLE_FIELD_ENABLED17',0,'N'),(885,2,0,'JOB_LOG_TABLE_FIELD_ID18',0,'EXECUTING_USER'),(886,2,0,'JOB_LOG_TABLE_FIELD_NAME18',0,'EXECUTING_USER'),(887,2,0,'JOB_LOG_TABLE_FIELD_ENABLED18',0,'N'),(888,2,0,'JOB_LOG_TABLE_FIELD_ID19',0,'START_JOB_ENTRY'),(889,2,0,'JOB_LOG_TABLE_FIELD_NAME19',0,'START_JOB_ENTRY'),(890,2,0,'JOB_LOG_TABLE_FIELD_ENABLED19',0,'N'),(891,2,0,'JOB_LOG_TABLE_FIELD_ID20',0,'CLIENT'),(892,2,0,'JOB_LOG_TABLE_FIELD_NAME20',0,'CLIENT'),(893,2,0,'JOB_LOG_TABLE_FIELD_ENABLED20',0,'N'),(894,2,0,'JOBLOG_TABLE_INTERVAL',0,NULL),(895,2,0,'JOBLOG_TABLE_SIZE_LIMIT',0,NULL),(896,2,0,'JOB_ENTRY_LOG_TABLE_CONNECTION_NAME',0,NULL),(897,2,0,'JOB_ENTRY_LOG_TABLE_SCHEMA_NAME',0,NULL),(898,2,0,'JOB_ENTRY_LOG_TABLE_TABLE_NAME',0,NULL),(899,2,0,'JOB_ENTRY_LOG_TABLE_TIMEOUT_IN_DAYS',0,NULL),(900,2,0,'JOB_ENTRY_LOG_TABLE_FIELD_ID0',0,'ID_BATCH'),(901,2,0,'JOB_ENTRY_LOG_TABLE_FIELD_NAME0',0,'ID_BATCH'),(902,2,0,'JOB_ENTRY_LOG_TABLE_FIELD_ENABLED0',0,'Y'),(903,2,0,'JOB_ENTRY_LOG_TABLE_FIELD_ID1',0,'CHANNEL_ID'),(904,2,0,'JOB_ENTRY_LOG_TABLE_FIELD_NAME1',0,'CHANNEL_ID'),(905,2,0,'JOB_ENTRY_LOG_TABLE_FIELD_ENABLED1',0,'Y'),(906,2,0,'JOB_ENTRY_LOG_TABLE_FIELD_ID2',0,'LOG_DATE'),(907,2,0,'JOB_ENTRY_LOG_TABLE_FIELD_NAME2',0,'LOG_DATE'),(908,2,0,'JOB_ENTRY_LOG_TABLE_FIELD_ENABLED2',0,'Y'),(909,2,0,'JOB_ENTRY_LOG_TABLE_FIELD_ID3',0,'JOBNAME'),(910,2,0,'JOB_ENTRY_LOG_TABLE_FIELD_NAME3',0,'TRANSNAME'),(911,2,0,'JOB_ENTRY_LOG_TABLE_FIELD_ENABLED3',0,'Y'),(912,2,0,'JOB_ENTRY_LOG_TABLE_FIELD_ID4',0,'JOBENTRYNAME'),(913,2,0,'JOB_ENTRY_LOG_TABLE_FIELD_NAME4',0,'STEPNAME'),(914,2,0,'JOB_ENTRY_LOG_TABLE_FIELD_ENABLED4',0,'Y'),(915,2,0,'JOB_ENTRY_LOG_TABLE_FIELD_ID5',0,'LINES_READ'),(916,2,0,'JOB_ENTRY_LOG_TABLE_FIELD_NAME5',0,'LINES_READ'),(917,2,0,'JOB_ENTRY_LOG_TABLE_FIELD_ENABLED5',0,'Y'),(918,2,0,'JOB_ENTRY_LOG_TABLE_FIELD_ID6',0,'LINES_WRITTEN'),(919,2,0,'JOB_ENTRY_LOG_TABLE_FIELD_NAME6',0,'LINES_WRITTEN'),(920,2,0,'JOB_ENTRY_LOG_TABLE_FIELD_ENABLED6',0,'Y'),(921,2,0,'JOB_ENTRY_LOG_TABLE_FIELD_ID7',0,'LINES_UPDATED'),(922,2,0,'JOB_ENTRY_LOG_TABLE_FIELD_NAME7',0,'LINES_UPDATED'),(923,2,0,'JOB_ENTRY_LOG_TABLE_FIELD_ENABLED7',0,'Y'),(924,2,0,'JOB_ENTRY_LOG_TABLE_FIELD_ID8',0,'LINES_INPUT'),(925,2,0,'JOB_ENTRY_LOG_TABLE_FIELD_NAME8',0,'LINES_INPUT'),(926,2,0,'JOB_ENTRY_LOG_TABLE_FIELD_ENABLED8',0,'Y'),(927,2,0,'JOB_ENTRY_LOG_TABLE_FIELD_ID9',0,'LINES_OUTPUT'),(928,2,0,'JOB_ENTRY_LOG_TABLE_FIELD_NAME9',0,'LINES_OUTPUT'),(929,2,0,'JOB_ENTRY_LOG_TABLE_FIELD_ENABLED9',0,'Y'),(930,2,0,'JOB_ENTRY_LOG_TABLE_FIELD_ID10',0,'LINES_REJECTED'),(931,2,0,'JOB_ENTRY_LOG_TABLE_FIELD_NAME10',0,'LINES_REJECTED'),(932,2,0,'JOB_ENTRY_LOG_TABLE_FIELD_ENABLED10',0,'Y'),(933,2,0,'JOB_ENTRY_LOG_TABLE_FIELD_ID11',0,'ERRORS'),(934,2,0,'JOB_ENTRY_LOG_TABLE_FIELD_NAME11',0,'ERRORS'),(935,2,0,'JOB_ENTRY_LOG_TABLE_FIELD_ENABLED11',0,'Y'),(936,2,0,'JOB_ENTRY_LOG_TABLE_FIELD_ID12',0,'RESULT'),(937,2,0,'JOB_ENTRY_LOG_TABLE_FIELD_NAME12',0,'RESULT'),(938,2,0,'JOB_ENTRY_LOG_TABLE_FIELD_ENABLED12',0,'Y'),(939,2,0,'JOB_ENTRY_LOG_TABLE_FIELD_ID13',0,'NR_RESULT_ROWS'),(940,2,0,'JOB_ENTRY_LOG_TABLE_FIELD_NAME13',0,'NR_RESULT_ROWS'),(941,2,0,'JOB_ENTRY_LOG_TABLE_FIELD_ENABLED13',0,'Y'),(942,2,0,'JOB_ENTRY_LOG_TABLE_FIELD_ID14',0,'NR_RESULT_FILES'),(943,2,0,'JOB_ENTRY_LOG_TABLE_FIELD_NAME14',0,'NR_RESULT_FILES'),(944,2,0,'JOB_ENTRY_LOG_TABLE_FIELD_ENABLED14',0,'Y'),(945,2,0,'JOB_ENTRY_LOG_TABLE_FIELD_ID15',0,'LOG_FIELD'),(946,2,0,'JOB_ENTRY_LOG_TABLE_FIELD_NAME15',0,'LOG_FIELD'),(947,2,0,'JOB_ENTRY_LOG_TABLE_FIELD_ENABLED15',0,'N'),(948,2,0,'JOB_ENTRY_LOG_TABLE_FIELD_ID16',0,'COPY_NR'),(949,2,0,'JOB_ENTRY_LOG_TABLE_FIELD_NAME16',0,'COPY_NR'),(950,2,0,'JOB_ENTRY_LOG_TABLE_FIELD_ENABLED16',0,'N'),(951,2,0,'CHANNEL_LOG_TABLE_CONNECTION_NAME',0,NULL),(952,2,0,'CHANNEL_LOG_TABLE_SCHEMA_NAME',0,NULL),(953,2,0,'CHANNEL_LOG_TABLE_TABLE_NAME',0,NULL),(954,2,0,'CHANNEL_LOG_TABLE_TIMEOUT_IN_DAYS',0,NULL),(955,2,0,'CHANNEL_LOG_TABLE_FIELD_ID0',0,'ID_BATCH'),(956,2,0,'CHANNEL_LOG_TABLE_FIELD_NAME0',0,'ID_BATCH'),(957,2,0,'CHANNEL_LOG_TABLE_FIELD_ENABLED0',0,'Y'),(958,2,0,'CHANNEL_LOG_TABLE_FIELD_ID1',0,'CHANNEL_ID'),(959,2,0,'CHANNEL_LOG_TABLE_FIELD_NAME1',0,'CHANNEL_ID'),(960,2,0,'CHANNEL_LOG_TABLE_FIELD_ENABLED1',0,'Y'),(961,2,0,'CHANNEL_LOG_TABLE_FIELD_ID2',0,'LOG_DATE'),(962,2,0,'CHANNEL_LOG_TABLE_FIELD_NAME2',0,'LOG_DATE'),(963,2,0,'CHANNEL_LOG_TABLE_FIELD_ENABLED2',0,'Y'),(964,2,0,'CHANNEL_LOG_TABLE_FIELD_ID3',0,'LOGGING_OBJECT_TYPE'),(965,2,0,'CHANNEL_LOG_TABLE_FIELD_NAME3',0,'LOGGING_OBJECT_TYPE'),(966,2,0,'CHANNEL_LOG_TABLE_FIELD_ENABLED3',0,'Y'),(967,2,0,'CHANNEL_LOG_TABLE_FIELD_ID4',0,'OBJECT_NAME'),(968,2,0,'CHANNEL_LOG_TABLE_FIELD_NAME4',0,'OBJECT_NAME'),(969,2,0,'CHANNEL_LOG_TABLE_FIELD_ENABLED4',0,'Y'),(970,2,0,'CHANNEL_LOG_TABLE_FIELD_ID5',0,'OBJECT_COPY'),(971,2,0,'CHANNEL_LOG_TABLE_FIELD_NAME5',0,'OBJECT_COPY'),(972,2,0,'CHANNEL_LOG_TABLE_FIELD_ENABLED5',0,'Y'),(973,2,0,'CHANNEL_LOG_TABLE_FIELD_ID6',0,'REPOSITORY_DIRECTORY'),(974,2,0,'CHANNEL_LOG_TABLE_FIELD_NAME6',0,'REPOSITORY_DIRECTORY'),(975,2,0,'CHANNEL_LOG_TABLE_FIELD_ENABLED6',0,'Y'),(976,2,0,'CHANNEL_LOG_TABLE_FIELD_ID7',0,'FILENAME'),(977,2,0,'CHANNEL_LOG_TABLE_FIELD_NAME7',0,'FILENAME'),(978,2,0,'CHANNEL_LOG_TABLE_FIELD_ENABLED7',0,'Y'),(979,2,0,'CHANNEL_LOG_TABLE_FIELD_ID8',0,'OBJECT_ID'),(980,2,0,'CHANNEL_LOG_TABLE_FIELD_NAME8',0,'OBJECT_ID'),(981,2,0,'CHANNEL_LOG_TABLE_FIELD_ENABLED8',0,'Y'),(982,2,0,'CHANNEL_LOG_TABLE_FIELD_ID9',0,'OBJECT_REVISION'),(983,2,0,'CHANNEL_LOG_TABLE_FIELD_NAME9',0,'OBJECT_REVISION'),(984,2,0,'CHANNEL_LOG_TABLE_FIELD_ENABLED9',0,'Y'),(985,2,0,'CHANNEL_LOG_TABLE_FIELD_ID10',0,'PARENT_CHANNEL_ID'),(986,2,0,'CHANNEL_LOG_TABLE_FIELD_NAME10',0,'PARENT_CHANNEL_ID'),(987,2,0,'CHANNEL_LOG_TABLE_FIELD_ENABLED10',0,'Y'),(988,2,0,'CHANNEL_LOG_TABLE_FIELD_ID11',0,'ROOT_CHANNEL_ID'),(989,2,0,'CHANNEL_LOG_TABLE_FIELD_NAME11',0,'ROOT_CHANNEL_ID'),(990,2,0,'CHANNEL_LOG_TABLE_FIELD_ENABLED11',0,'Y');
/*!40000 ALTER TABLE `R_JOB_ATTRIBUTE` ENABLE KEYS */;
UNLOCK TABLES;

--
-- Table structure for table `R_JOB_HOP`
--

DROP TABLE IF EXISTS `R_JOB_HOP`;
/*!40101 SET @saved_cs_client     = @@character_set_client */;
/*!40101 SET character_set_client = utf8 */;
CREATE TABLE `R_JOB_HOP` (
  `ID_JOB_HOP` bigint(20) NOT NULL,
  `ID_JOB` int(11) DEFAULT NULL,
  `ID_JOBENTRY_COPY_FROM` int(11) DEFAULT NULL,
  `ID_JOBENTRY_COPY_TO` int(11) DEFAULT NULL,
  `ENABLED` tinyint(1) DEFAULT NULL,
  `EVALUATION` tinyint(1) DEFAULT NULL,
  `UNCONDITIONAL` tinyint(1) DEFAULT NULL,
  PRIMARY KEY (`ID_JOB_HOP`)
) ENGINE=InnoDB DEFAULT CHARSET=utf8;
/*!40101 SET character_set_client = @saved_cs_client */;

--
-- Dumping data for table `R_JOB_HOP`
--

LOCK TABLES `R_JOB_HOP` WRITE;
/*!40000 ALTER TABLE `R_JOB_HOP` DISABLE KEYS */;
INSERT INTO `R_JOB_HOP` VALUES (2,1,17,19,1,1,1),(3,1,19,20,1,1,0),(4,1,20,22,1,1,0),(5,1,21,20,1,1,0),(6,1,20,18,1,0,0),(7,1,22,23,1,0,0),(8,1,22,24,1,1,0),(9,1,24,21,1,1,0),(10,1,24,23,1,0,0),(11,1,21,23,1,0,0),(12,2,25,27,1,1,1),(13,2,27,26,1,1,0);
/*!40000 ALTER TABLE `R_JOB_HOP` ENABLE KEYS */;
UNLOCK TABLES;

--
-- Table structure for table `R_JOB_LOCK`
--

DROP TABLE IF EXISTS `R_JOB_LOCK`;
/*!40101 SET @saved_cs_client     = @@character_set_client */;
/*!40101 SET character_set_client = utf8 */;
CREATE TABLE `R_JOB_LOCK` (
  `ID_JOB_LOCK` bigint(20) NOT NULL,
  `ID_JOB` int(11) DEFAULT NULL,
  `ID_USER` int(11) DEFAULT NULL,
  `LOCK_MESSAGE` mediumtext,
  `LOCK_DATE` datetime DEFAULT NULL,
  PRIMARY KEY (`ID_JOB_LOCK`)
) ENGINE=InnoDB DEFAULT CHARSET=utf8;
/*!40101 SET character_set_client = @saved_cs_client */;

--
-- Dumping data for table `R_JOB_LOCK`
--

LOCK TABLES `R_JOB_LOCK` WRITE;
/*!40000 ALTER TABLE `R_JOB_LOCK` DISABLE KEYS */;
/*!40000 ALTER TABLE `R_JOB_LOCK` ENABLE KEYS */;
UNLOCK TABLES;

--
-- Table structure for table `R_JOB_NOTE`
--

DROP TABLE IF EXISTS `R_JOB_NOTE`;
/*!40101 SET @saved_cs_client     = @@character_set_client */;
/*!40101 SET character_set_client = utf8 */;
CREATE TABLE `R_JOB_NOTE` (
  `ID_JOB` int(11) DEFAULT NULL,
  `ID_NOTE` int(11) DEFAULT NULL
) ENGINE=InnoDB DEFAULT CHARSET=utf8;
/*!40101 SET character_set_client = @saved_cs_client */;

--
-- Dumping data for table `R_JOB_NOTE`
--

LOCK TABLES `R_JOB_NOTE` WRITE;
/*!40000 ALTER TABLE `R_JOB_NOTE` DISABLE KEYS */;
/*!40000 ALTER TABLE `R_JOB_NOTE` ENABLE KEYS */;
UNLOCK TABLES;

--
-- Table structure for table `R_LOG`
--

DROP TABLE IF EXISTS `R_LOG`;
/*!40101 SET @saved_cs_client     = @@character_set_client */;
/*!40101 SET character_set_client = utf8 */;
CREATE TABLE `R_LOG` (
  `ID_LOG` bigint(20) NOT NULL,
  `NAME` varchar(255) DEFAULT NULL,
  `ID_LOGLEVEL` int(11) DEFAULT NULL,
  `LOGTYPE` varchar(255) DEFAULT NULL,
  `FILENAME` varchar(255) DEFAULT NULL,
  `FILEEXTENTION` varchar(255) DEFAULT NULL,
  `ADD_DATE` tinyint(1) DEFAULT NULL,
  `ADD_TIME` tinyint(1) DEFAULT NULL,
  `ID_DATABASE_LOG` int(11) DEFAULT NULL,
  `TABLE_NAME_LOG` varchar(255) DEFAULT NULL,
  PRIMARY KEY (`ID_LOG`)
) ENGINE=InnoDB DEFAULT CHARSET=utf8;
/*!40101 SET character_set_client = @saved_cs_client */;

--
-- Dumping data for table `R_LOG`
--

LOCK TABLES `R_LOG` WRITE;
/*!40000 ALTER TABLE `R_LOG` DISABLE KEYS */;
/*!40000 ALTER TABLE `R_LOG` ENABLE KEYS */;
UNLOCK TABLES;

--
-- Table structure for table `R_LOGLEVEL`
--

DROP TABLE IF EXISTS `R_LOGLEVEL`;
/*!40101 SET @saved_cs_client     = @@character_set_client */;
/*!40101 SET character_set_client = utf8 */;
CREATE TABLE `R_LOGLEVEL` (
  `ID_LOGLEVEL` bigint(20) NOT NULL,
  `CODE` varchar(255) DEFAULT NULL,
  `DESCRIPTION` varchar(255) DEFAULT NULL,
  PRIMARY KEY (`ID_LOGLEVEL`)
) ENGINE=InnoDB DEFAULT CHARSET=utf8;
/*!40101 SET character_set_client = @saved_cs_client */;

--
-- Dumping data for table `R_LOGLEVEL`
--

LOCK TABLES `R_LOGLEVEL` WRITE;
/*!40000 ALTER TABLE `R_LOGLEVEL` DISABLE KEYS */;
INSERT INTO `R_LOGLEVEL` VALUES (1,'Error','Error'),(2,'Minimal','Minimal'),(3,'Basic','Basic'),(4,'Detailed','Detailed'),(5,'Debug','Debug'),(6,'Rowlevel','Row Level (very detailed)');
/*!40000 ALTER TABLE `R_LOGLEVEL` ENABLE KEYS */;
UNLOCK TABLES;

--
-- Table structure for table `R_NAMESPACE`
--

DROP TABLE IF EXISTS `R_NAMESPACE`;
/*!40101 SET @saved_cs_client     = @@character_set_client */;
/*!40101 SET character_set_client = utf8 */;
CREATE TABLE `R_NAMESPACE` (
  `ID_NAMESPACE` bigint(20) NOT NULL,
  `NAME` mediumtext,
  PRIMARY KEY (`ID_NAMESPACE`)
) ENGINE=InnoDB DEFAULT CHARSET=utf8;
/*!40101 SET character_set_client = @saved_cs_client */;

--
-- Dumping data for table `R_NAMESPACE`
--

LOCK TABLES `R_NAMESPACE` WRITE;
/*!40000 ALTER TABLE `R_NAMESPACE` DISABLE KEYS */;
/*!40000 ALTER TABLE `R_NAMESPACE` ENABLE KEYS */;
UNLOCK TABLES;

--
-- Table structure for table `R_NOTE`
--

DROP TABLE IF EXISTS `R_NOTE`;
/*!40101 SET @saved_cs_client     = @@character_set_client */;
/*!40101 SET character_set_client = utf8 */;
CREATE TABLE `R_NOTE` (
  `ID_NOTE` bigint(20) NOT NULL,
  `VALUE_STR` mediumtext,
  `GUI_LOCATION_X` int(11) DEFAULT NULL,
  `GUI_LOCATION_Y` int(11) DEFAULT NULL,
  `GUI_LOCATION_WIDTH` int(11) DEFAULT NULL,
  `GUI_LOCATION_HEIGHT` int(11) DEFAULT NULL,
  `FONT_NAME` mediumtext,
  `FONT_SIZE` int(11) DEFAULT NULL,
  `FONT_BOLD` tinyint(1) DEFAULT NULL,
  `FONT_ITALIC` tinyint(1) DEFAULT NULL,
  `FONT_COLOR_RED` int(11) DEFAULT NULL,
  `FONT_COLOR_GREEN` int(11) DEFAULT NULL,
  `FONT_COLOR_BLUE` int(11) DEFAULT NULL,
  `FONT_BACK_GROUND_COLOR_RED` int(11) DEFAULT NULL,
  `FONT_BACK_GROUND_COLOR_GREEN` int(11) DEFAULT NULL,
  `FONT_BACK_GROUND_COLOR_BLUE` int(11) DEFAULT NULL,
  `FONT_BORDER_COLOR_RED` int(11) DEFAULT NULL,
  `FONT_BORDER_COLOR_GREEN` int(11) DEFAULT NULL,
  `FONT_BORDER_COLOR_BLUE` int(11) DEFAULT NULL,
  `DRAW_SHADOW` tinyint(1) DEFAULT NULL,
  PRIMARY KEY (`ID_NOTE`)
) ENGINE=InnoDB DEFAULT CHARSET=utf8;
/*!40101 SET character_set_client = @saved_cs_client */;

--
-- Dumping data for table `R_NOTE`
--

LOCK TABLES `R_NOTE` WRITE;
/*!40000 ALTER TABLE `R_NOTE` DISABLE KEYS */;
/*!40000 ALTER TABLE `R_NOTE` ENABLE KEYS */;
UNLOCK TABLES;

--
-- Table structure for table `R_PARTITION`
--

DROP TABLE IF EXISTS `R_PARTITION`;
/*!40101 SET @saved_cs_client     = @@character_set_client */;
/*!40101 SET character_set_client = utf8 */;
CREATE TABLE `R_PARTITION` (
  `ID_PARTITION` bigint(20) NOT NULL,
  `ID_PARTITION_SCHEMA` int(11) DEFAULT NULL,
  `PARTITION_ID` varchar(255) DEFAULT NULL,
  PRIMARY KEY (`ID_PARTITION`)
) ENGINE=InnoDB DEFAULT CHARSET=utf8;
/*!40101 SET character_set_client = @saved_cs_client */;

--
-- Dumping data for table `R_PARTITION`
--

LOCK TABLES `R_PARTITION` WRITE;
/*!40000 ALTER TABLE `R_PARTITION` DISABLE KEYS */;
/*!40000 ALTER TABLE `R_PARTITION` ENABLE KEYS */;
UNLOCK TABLES;

--
-- Table structure for table `R_PARTITION_SCHEMA`
--

DROP TABLE IF EXISTS `R_PARTITION_SCHEMA`;
/*!40101 SET @saved_cs_client     = @@character_set_client */;
/*!40101 SET character_set_client = utf8 */;
CREATE TABLE `R_PARTITION_SCHEMA` (
  `ID_PARTITION_SCHEMA` bigint(20) NOT NULL,
  `NAME` varchar(255) DEFAULT NULL,
  `DYNAMIC_DEFINITION` tinyint(1) DEFAULT NULL,
  `PARTITIONS_PER_SLAVE` varchar(255) DEFAULT NULL,
  PRIMARY KEY (`ID_PARTITION_SCHEMA`)
) ENGINE=InnoDB DEFAULT CHARSET=utf8;
/*!40101 SET character_set_client = @saved_cs_client */;

--
-- Dumping data for table `R_PARTITION_SCHEMA`
--

LOCK TABLES `R_PARTITION_SCHEMA` WRITE;
/*!40000 ALTER TABLE `R_PARTITION_SCHEMA` DISABLE KEYS */;
/*!40000 ALTER TABLE `R_PARTITION_SCHEMA` ENABLE KEYS */;
UNLOCK TABLES;

--
-- Table structure for table `R_REPOSITORY_LOG`
--

DROP TABLE IF EXISTS `R_REPOSITORY_LOG`;
/*!40101 SET @saved_cs_client     = @@character_set_client */;
/*!40101 SET character_set_client = utf8 */;
CREATE TABLE `R_REPOSITORY_LOG` (
  `ID_REPOSITORY_LOG` bigint(20) NOT NULL,
  `REP_VERSION` varchar(255) DEFAULT NULL,
  `LOG_DATE` datetime DEFAULT NULL,
  `LOG_USER` varchar(255) DEFAULT NULL,
  `OPERATION_DESC` mediumtext,
  PRIMARY KEY (`ID_REPOSITORY_LOG`)
) ENGINE=InnoDB DEFAULT CHARSET=utf8;
/*!40101 SET character_set_client = @saved_cs_client */;

--
-- Dumping data for table `R_REPOSITORY_LOG`
--

LOCK TABLES `R_REPOSITORY_LOG` WRITE;
/*!40000 ALTER TABLE `R_REPOSITORY_LOG` DISABLE KEYS */;
INSERT INTO `R_REPOSITORY_LOG` VALUES (1,'5.0','2018-07-14 14:54:45','admin','Creation of the Kettle repository'),(2,'5.0','2018-07-14 14:55:11','admin','Checked in'),(3,'5.0','2018-07-14 14:55:11','admin','save job \'loop\''),(4,'5.0','2018-07-14 14:55:11','admin','Checked in'),(5,'5.0','2018-07-14 14:55:11','admin','save job \'samplejob\''),(6,'5.0','2018-07-14 14:55:55','admin','save job \'loop\''),(7,'5.0','2018-07-14 14:56:09','admin','save job \'loop\''),(8,'5.0','2018-07-14 14:57:13','admin','save job \'loop\''),(9,'5.0','2018-07-14 14:57:44','admin','save job \'loop\''),(10,'5.0','2018-07-14 14:58:05','admin','save job \'loop\''),(11,'5.0','2018-07-14 14:59:44','admin','save job \'loop\''),(12,'5.0','2018-07-14 15:00:48','admin','save job \'loop\''),(13,'5.0','2018-07-14 21:06:51','admin','save job \'loop\''),(14,'5.0','2018-07-14 21:08:33','admin','save job \'loop\''),(15,'5.0','2018-07-14 21:15:03','admin','save job \'loop\''),(16,'5.0','2018-07-14 21:16:38','admin','save job \'loop\''),(17,'5.0','2018-07-14 21:19:01','admin','save job \'loop\''),(18,'5.0','2018-07-14 21:20:01','admin','save job \'loop\''),(19,'5.0','2018-08-17 17:48:17','admin','save transformation \'Transformation 1\''),(20,'5.0','2018-08-17 17:48:32','admin','save transformation \'Trans1\''),(21,'5.0','2018-08-18 19:00:01','admin','save job \'samplejob\'');
/*!40000 ALTER TABLE `R_REPOSITORY_LOG` ENABLE KEYS */;
UNLOCK TABLES;

--
-- Table structure for table `R_SLAVE`
--

DROP TABLE IF EXISTS `R_SLAVE`;
/*!40101 SET @saved_cs_client     = @@character_set_client */;
/*!40101 SET character_set_client = utf8 */;
CREATE TABLE `R_SLAVE` (
  `ID_SLAVE` bigint(20) NOT NULL,
  `NAME` varchar(255) DEFAULT NULL,
  `HOST_NAME` varchar(255) DEFAULT NULL,
  `PORT` varchar(255) DEFAULT NULL,
  `WEB_APP_NAME` varchar(255) DEFAULT NULL,
  `USERNAME` varchar(255) DEFAULT NULL,
  `PASSWORD` varchar(255) DEFAULT NULL,
  `PROXY_HOST_NAME` varchar(255) DEFAULT NULL,
  `PROXY_PORT` varchar(255) DEFAULT NULL,
  `NON_PROXY_HOSTS` varchar(255) DEFAULT NULL,
  `MASTER` tinyint(1) DEFAULT NULL,
  PRIMARY KEY (`ID_SLAVE`)
) ENGINE=InnoDB DEFAULT CHARSET=utf8;
/*!40101 SET character_set_client = @saved_cs_client */;

--
-- Dumping data for table `R_SLAVE`
--

LOCK TABLES `R_SLAVE` WRITE;
/*!40000 ALTER TABLE `R_SLAVE` DISABLE KEYS */;
/*!40000 ALTER TABLE `R_SLAVE` ENABLE KEYS */;
UNLOCK TABLES;

--
-- Table structure for table `R_STEP`
--

DROP TABLE IF EXISTS `R_STEP`;
/*!40101 SET @saved_cs_client     = @@character_set_client */;
/*!40101 SET character_set_client = utf8 */;
CREATE TABLE `R_STEP` (
  `ID_STEP` bigint(20) NOT NULL,
  `ID_TRANSFORMATION` int(11) DEFAULT NULL,
  `NAME` varchar(255) DEFAULT NULL,
  `DESCRIPTION` mediumtext,
  `ID_STEP_TYPE` int(11) DEFAULT NULL,
  `DISTRIBUTE` tinyint(1) DEFAULT NULL,
  `COPIES` int(11) DEFAULT NULL,
  `GUI_LOCATION_X` int(11) DEFAULT NULL,
  `GUI_LOCATION_Y` int(11) DEFAULT NULL,
  `GUI_DRAW` tinyint(1) DEFAULT NULL,
  `COPIES_STRING` varchar(255) DEFAULT NULL,
  PRIMARY KEY (`ID_STEP`)
) ENGINE=InnoDB DEFAULT CHARSET=utf8;
/*!40101 SET character_set_client = @saved_cs_client */;

--
-- Dumping data for table `R_STEP`
--

LOCK TABLES `R_STEP` WRITE;
/*!40000 ALTER TABLE `R_STEP` DISABLE KEYS */;
INSERT INTO `R_STEP` VALUES (1,1,'Dummy (do nothing)',NULL,155,1,1,320,192,1,'1'),(2,2,'Dummy (do nothing)',NULL,155,1,1,320,192,1,'1');
/*!40000 ALTER TABLE `R_STEP` ENABLE KEYS */;
UNLOCK TABLES;

--
-- Table structure for table `R_STEP_ATTRIBUTE`
--

DROP TABLE IF EXISTS `R_STEP_ATTRIBUTE`;
/*!40101 SET @saved_cs_client     = @@character_set_client */;
/*!40101 SET character_set_client = utf8 */;
CREATE TABLE `R_STEP_ATTRIBUTE` (
  `ID_STEP_ATTRIBUTE` bigint(20) NOT NULL,
  `ID_TRANSFORMATION` int(11) DEFAULT NULL,
  `ID_STEP` int(11) DEFAULT NULL,
  `NR` int(11) DEFAULT NULL,
  `CODE` varchar(255) DEFAULT NULL,
  `VALUE_NUM` bigint(20) DEFAULT NULL,
  `VALUE_STR` mediumtext,
  PRIMARY KEY (`ID_STEP_ATTRIBUTE`),
  UNIQUE KEY `IDX_RSAT` (`ID_STEP`,`CODE`,`NR`)
) ENGINE=InnoDB DEFAULT CHARSET=utf8;
/*!40101 SET character_set_client = @saved_cs_client */;

--
-- Dumping data for table `R_STEP_ATTRIBUTE`
--

LOCK TABLES `R_STEP_ATTRIBUTE` WRITE;
/*!40000 ALTER TABLE `R_STEP_ATTRIBUTE` DISABLE KEYS */;
INSERT INTO `R_STEP_ATTRIBUTE` VALUES (1,1,1,0,'PARTITIONING_SCHEMA',0,NULL),(2,1,1,0,'PARTITIONING_METHOD',0,'none'),(3,1,1,0,'cluster_schema',0,NULL),(4,1,1,0,'row_distribution_code',0,NULL),(5,2,2,0,'PARTITIONING_SCHEMA',0,NULL),(6,2,2,0,'PARTITIONING_METHOD',0,'none'),(7,2,2,0,'cluster_schema',0,NULL),(8,2,2,0,'row_distribution_code',0,NULL);
/*!40000 ALTER TABLE `R_STEP_ATTRIBUTE` ENABLE KEYS */;
UNLOCK TABLES;

--
-- Table structure for table `R_STEP_DATABASE`
--

DROP TABLE IF EXISTS `R_STEP_DATABASE`;
/*!40101 SET @saved_cs_client     = @@character_set_client */;
/*!40101 SET character_set_client = utf8 */;
CREATE TABLE `R_STEP_DATABASE` (
  `ID_TRANSFORMATION` int(11) DEFAULT NULL,
  `ID_STEP` int(11) DEFAULT NULL,
  `ID_DATABASE` int(11) DEFAULT NULL,
  KEY `IDX_RSD1` (`ID_TRANSFORMATION`),
  KEY `IDX_RSD2` (`ID_DATABASE`)
) ENGINE=InnoDB DEFAULT CHARSET=utf8;
/*!40101 SET character_set_client = @saved_cs_client */;

--
-- Dumping data for table `R_STEP_DATABASE`
--

LOCK TABLES `R_STEP_DATABASE` WRITE;
/*!40000 ALTER TABLE `R_STEP_DATABASE` DISABLE KEYS */;
/*!40000 ALTER TABLE `R_STEP_DATABASE` ENABLE KEYS */;
UNLOCK TABLES;

--
-- Table structure for table `R_STEP_TYPE`
--

DROP TABLE IF EXISTS `R_STEP_TYPE`;
/*!40101 SET @saved_cs_client     = @@character_set_client */;
/*!40101 SET character_set_client = utf8 */;
CREATE TABLE `R_STEP_TYPE` (
  `ID_STEP_TYPE` bigint(20) NOT NULL,
  `CODE` varchar(255) DEFAULT NULL,
  `DESCRIPTION` varchar(255) DEFAULT NULL,
  `HELPTEXT` varchar(255) DEFAULT NULL,
  PRIMARY KEY (`ID_STEP_TYPE`)
) ENGINE=InnoDB DEFAULT CHARSET=utf8;
/*!40101 SET character_set_client = @saved_cs_client */;

--
-- Dumping data for table `R_STEP_TYPE`
--

LOCK TABLES `R_STEP_TYPE` WRITE;
/*!40000 ALTER TABLE `R_STEP_TYPE` DISABLE KEYS */;
INSERT INTO `R_STEP_TYPE` VALUES (1,'Delete','Delete','Delete data in a database table based upon keys'),(2,'SyslogMessage','Send message to Syslog','Send message to Syslog server'),(3,'WriteToLog','Write to log','Write data to log'),(4,'HadoopFileOutputPlugin','Hadoop File Output','Create files in an HDFS location '),(5,'TextFileOutput','Text file output','Write rows to a text file.'),(6,'MultiwayMergeJoin','Multiway Merge Join','Multiway Merge Join'),(7,'LDAPOutput','LDAP Output','Perform Insert, upsert, update, add or delete operations on records based on their DN (Distinguished  Name).'),(8,'SAPINPUT','SAP Input','Read data from SAP ERP, optionally with parameters'),(9,'AccessInput','Microsoft Access Input','Read data from a Microsoft Access file'),(10,'JoinRows','Join Rows (cartesian product)','The output of this step is the cartesian product of the input streams.\nThe number of rows is the multiplication of the number of rows in the input streams.'),(11,'JsonInput','JSON Input','Extract relevant portions out of JSON structures (file or incoming field) and output rows'),(12,'TableOutput','Table output','Write information to a database table'),(13,'MySQLBulkLoader','MySQL Bulk Loader','MySQL bulk loader step, loading data over a named pipe (not available on MS Windows)'),(14,'SingleThreader','Single Threader','Executes a transformation snippet in a single thread.  You need a standard mapping or a transformation with an Injector step where data from the parent transformation will arive in blocks.'),(15,'HL7Input','HL7 Input','Reads and parses HL7 messages and outputs a series of values from the messages'),(16,'RandomCCNumberGenerator','Generate random credit card numbers','Generate random valide (luhn check) credit card numbers'),(17,'RegexEval','Regex Evaluation','Regular expression Evaluation\nThis step uses a regular expression to evaluate a field. It can also extract new fields out of an existing field with capturing groups.'),(18,'PaloDimOutput','Palo Dim Output','Writes data to defined Palo Dimension'),(19,'S3FileOutputPlugin','S3 File Output','Create files in an S3 location'),(20,'ColumnExists','Check if a column exists','Check if a column exists in a table on a specified connection.'),(21,'IfNull','If field value is null','Sets a field value to a constant if it is null.'),(22,'FileLocked','Check if file is locked','Check if a file is locked by another process'),(23,'CreateSharedDimensions','Shared Dimension','Create shared dimensions for use with Streamlined Data Refinery.'),(24,'HBaseOutput','HBase Output','Writes data to an HBase table according to a mapping'),(25,'SocketWriter','Socket writer','Socket writer.  A socket server that can send rows of data to a socket reader.'),(26,'ExcelInput','Microsoft Excel Input','Read data from Excel and OpenOffice Workbooks (XLS, XLSX, ODS).'),(27,'TeraFast','Teradata Fastload Bulk Loader','The Teradata Fastload Bulk loader'),(28,'DataGrid','Data Grid','Enter rows of static data in a grid, usually for testing, reference or demo purpose'),(29,'DetectLastRow','Identify last row in a stream','Last row will be marked'),(30,'TypeExitEdi2XmlStep','Edi to XML','Converts Edi text to generic XML'),(31,'SortRows','Sort rows','Sort rows based upon field values (ascending or descending)'),(32,'FieldsChangeSequence','Add value fields changing sequence','Add sequence depending of fields value change.\nEach time value of at least one field change, PDI will reset sequence. '),(33,'RowsFromResult','Get rows from result','This allows you to read rows from a previous entry in a job.'),(34,'JobExecutor','Job Executor','This step executes a Pentaho Data Integration job, sets parameters and passes rows.'),(35,'BlockUntilStepsFinish','Block this step until steps finish','Block this step until selected steps finish.'),(36,'AutoDoc','Automatic Documentation Output','This step automatically generates documentation based on input in the form of a list of transformations and jobs'),(37,'FieldMetadataAnnotation','Annotate Stream','Add more details to describe data for published models used by the Streamlined Data Refinery.'),(38,'SFTPPut','SFTP Put','Upload a file or a stream file to remote host via SFTP'),(39,'ProcessFiles','Process files','Process one file per row (copy or move or delete).\nThis step only accept filename in input.'),(40,'RuleAccumulator','Rules Accumulator','Rules Accumulator Step'),(41,'DimensionLookup','Dimension lookup/update','Update a slowly changing dimension in a data warehouse.\nAlternatively, look up information in this dimension.'),(42,'TypeExitGoogleAnalyticsInputStep','Google Analytics','Fetches data from google analytics account'),(43,'PaloCellInput','Palo Cell Input','Reads data from a defined Palo Cube '),(44,'Append','Append streams','Append 2 streams in an ordered way'),(45,'ZipFile','Zip file','Zip a file.\nFilename will be extracted from incoming stream.'),(46,'StringCut','Strings cut','Strings cut (substring).'),(47,'MergeRows','Merge Rows (diff)','Merge two streams of rows, sorted on a certain key.  The two streams are compared and the equals, changed, deleted and new rows are flagged.'),(48,'Validator','Data Validator','Validates passing data based on a set of rules'),(49,'SSTableOutput','SSTable Output','Writes to a filesystem directory as a Cassandra SSTable'),(50,'MemoryGroupBy','Memory Group by','Builds aggregates in a group by fashion.\nThis step doesn\'t require sorted input.'),(51,'SystemInfo','Get System Info','Get information from the system like system date, arguments, etc.'),(52,'Denormaliser','Row denormaliser','Denormalises rows by looking up key-value pairs and by assigning them to new fields in the output rows.\nThis method aggregates and needs the input rows to be sorted on the grouping fields'),(53,'ExcelOutput','Microsoft Excel Output','Stores records into an Excel (XLS) document with formatting information.'),(54,'Delay','Delay row','Output each input row after a delay'),(55,'OlapInput','OLAP Input','Execute and retrieve data using an MDX query against any XML/A OLAP datasource using olap4j'),(56,'MetaInject','ETL Metadata Injection','ETL Metadata Injection'),(57,'HadoopEnterPlugin','MapReduce Input','Enter a Hadoop Mapper or Reducer transformation'),(58,'NullIf','Null if...','Sets a field value to null if it is equal to a constant value'),(59,'SalesforceInput','Salesforce Input','Extract data from Salesforce'),(60,'CallEndpointStep','Call endpoint','Call an endpoint of the Pentaho Server.'),(61,'SocketReader','Socket reader','Socket reader.  A socket client that connects to a server (Socket Writer step).'),(62,'CombinationLookup','Combination lookup/update','Update a junk dimension in a data warehouse.\nAlternatively, look up information in this dimension.\nThe primary key of a junk dimension are all the fields.'),(63,'FilesToResult','Set files in result','This step allows you to set filenames in the result of this transformation.\nSubsequent job entries can then use this information.'),(64,'GPBulkLoader','Greenplum Bulk Loader','Greenplum Bulk Loader'),(65,'VerticaBulkLoader','Vertica Bulk Loader','Bulk load data into a Vertica database table'),(66,'SalesforceDelete','Salesforce Delete','Delete records in Salesforce module.'),(67,'HTTP','HTTP Client','Call a web service over HTTP by supplying a base URL by allowing parameters to be set dynamically'),(68,'XSDValidator','XSD Validator','Validate XML source (files or streams) against XML Schema Definition.'),(69,'SetValueConstant','Set field value to a constant','Set value of a field to a constant'),(70,'ScriptValueMod','Modified Java Script Value','This is a modified plugin for the Scripting Values with improved interface and performance.\nWritten & donated to open source by Martin Lange, Proconis : http://www.proconis.de'),(71,'CassandraInput','Cassandra Input','Reads data from a Cassandra table'),(72,'SwitchCase','Switch / Case','Switch a row to a certain target step based on the case value in a field.'),(73,'DBLookup','Database lookup','Look up values in a database using field values'),(74,'FuzzyMatch','Fuzzy match','Finding approximate matches to a string using matching algorithms.\nRead a field from a main stream and output approximative value from lookup stream.'),(75,'TeraDataBulkLoader','Teradata TPT Bulk Loader','Teradata TPT bulkloader, using tbuild command'),(76,'TextFileInput','Text file input','Read data from a text file in several formats.\nThis data can then be passed on to the next step(s)...'),(77,'SalesforceInsert','Salesforce Insert','Insert records in Salesforce module.'),(78,'CouchDbInput','CouchDb Input','Reads from a Couch DB view'),(79,'ShapeFileReader','ESRI Shapefile Reader','Reads shape file data from an ESRI shape file and linked DBF file'),(80,'RssInput','RSS Input','Read RSS feeds'),(81,'Unique','Unique rows','Remove double rows and leave only unique occurrences.\nThis works only on a sorted input.\nIf the input is not sorted, only double consecutive rows are handled correctly.'),(82,'InfobrightOutput','Infobright Loader','Load data to an Infobright database table'),(83,'UserDefinedJavaClass','User Defined Java Class','This step allows you to program a step using Java code'),(84,'OraBulkLoader','Oracle Bulk Loader','Use Oracle Bulk Loader to load data'),(85,'StepsMetrics','Output steps metrics','Return metrics for one or several steps'),(86,'AvroInput','Avro Input','Reads data from an Avro file'),(87,'GetTableNames','Get table names','Get table names from database connection and send them to the next step'),(88,'HadoopExitPlugin','MapReduce Output','Exit a Hadoop Mapper or Reducer transformation '),(89,'SetSessionVariableStep','Set session variables','Set session variables in the current user session.'),(90,'MappingInput','Mapping input specification','Specify the input interface of a mapping'),(91,'Abort','Abort','Abort a transformation'),(92,'PropertyOutput','Properties Output','Write data to properties file'),(93,'JsonOutput','JSON Output','Create JSON block and output it in a field or a file.'),(94,'TableExists','Table exists','Check if a table exists on a specified connection'),(95,'DetectEmptyStream','Detect empty stream','This step will output one empty row if input stream is empty\n(ie when input stream does not contain any row)'),(96,'GPLoad','Greenplum Load','Greenplum Load'),(97,'PaloDimInput','Palo Dim Input','Reads data from a defined Palo Dimension'),(98,'Normaliser','Row Normaliser','De-normalised information can be normalised using this step type.'),(99,'SelectValues','Select values','Select or remove fields in a row.\nOptionally, set the field meta-data: type, length and precision.'),(100,'XMLInputStream','XML Input Stream (StAX)','This step is capable of processing very large and complex XML files very fast.'),(101,'Flattener','Row flattener','Flattens consecutive rows based on the order in which they appear in the input stream'),(102,'InsertUpdate','Insert / Update','Update or insert rows in a database based upon keys.'),(103,'HBaseRowDecoder','HBase Row Decoder','Decodes an incoming key and HBase result object according to a mapping '),(104,'MondrianInput','Mondrian Input','Execute and retrieve data using an MDX query against a Pentaho Analyses OLAP server (Mondrian)'),(105,'SQLFileOutput','SQL File Output','Output SQL INSERT statements to file'),(106,'ReplaceString','Replace in string','Replace all occurences a word in a string with another word.'),(107,'CubeInput','De-serialize from file','Read rows of data from a data cube.'),(108,'WebServiceLookup','Web Services Lookup','Look up information using web services (WSDL)'),(109,'TableCompare','Table Compare','Compares 2 tables and gives back a list of differences'),(110,'MailValidator','Mail Validator','Check if an email address is valid.'),(111,'OpenERPObjectOutputImport','OpenERP Object Output','Writes data into OpenERP objects using the object import procedure'),(112,'RowGenerator','Generate Rows','Generate a number of empty or equal rows.'),(113,'MongoDbInput','MongoDB Input','Reads from a Mongo DB collection'),(114,'DBJoin','Database join','Execute a database query using stream values as parameters'),(115,'RuleExecutor','Rules Executor','Rules Executor Step'),(116,'MergeJoin','Merge Join','Joins two streams on a given key and outputs a joined set. The input streams must be sorted on the join key'),(117,'OpenERPObjectInput','OpenERP Object Input','Reads data from OpenERP objects'),(118,'SalesforceUpdate','Salesforce Update','Update records in Salesforce module.'),(119,'GetVariable','Get Variables','Determine the values of certain (environment or Kettle) variables and put them in field values.'),(120,'XMLJoin','XML Join','Joins a stream of XML-Tags into a target XML string'),(121,'DBProc','Call DB Procedure','Get back information by calling a database procedure.'),(122,'RssOutput','RSS Output','Read RSS stream.'),(123,'S3CSVINPUT','S3 CSV Input','Is capable of reading CSV data stored on Amazon S3 in parallel'),(124,'SimpleMapping','Simple Mapping (sub-transformation)','Run a mapping (sub-transformation), use MappingInput and MappingOutput to specify the fields interface.  This is the simplified version only allowing one input and one output data set.'),(125,'OpenERPObjectDelete','OpenERP Object Delete','Deletes OpenERP objects'),(126,'LDAPInput','LDAP Input','Read data from LDAP host'),(127,'XBaseInput','XBase input','Reads records from an XBase type of database file (DBF)'),(128,'CheckSum','Add a checksum','Add a checksum column for each input row'),(129,'ParallelGzipCsvInput','GZIP CSV Input','Parallel GZIP CSV file input reader'),(130,'SortedMerge','Sorted Merge','Sorted Merge'),(131,'ChangeFileEncoding','Change file encoding','Change file encoding and create a new file'),(132,'LoadFileInput','Load file content in memory','Load file content in memory'),(133,'Janino','User Defined Java Expression','Calculate the result of a Java Expression using Janino'),(134,'getXMLData','Get data from XML','Get data from XML file by using XPath.\n This step also allows you to parse XML defined in a previous field.'),(135,'LDIFInput','LDIF Input','Read data from LDIF files'),(136,'PGBulkLoader','PostgreSQL Bulk Loader','PostgreSQL Bulk Loader'),(137,'CubeOutput','Serialize to file','Write rows of data to a data cube'),(138,'SymmetricCryptoTrans','Symmetric Cryptography','Encrypt or decrypt a string using symmetric encryption.\nAvailable algorithms are DES, AES, TripleDES.'),(139,'AddXML','Add XML','Encode several fields into an XML fragment'),(140,'TableInput','Table input','Read information from a database table.'),(141,'SASInput','SAS Input','This step reads files in sas7bdat (SAS) native format'),(142,'AccessOutput','Microsoft Access Output','Stores records into an MS-Access database table.'),(143,'ElasticSearchBulk','ElasticSearch Bulk Insert','Performs bulk inserts into ElasticSearch'),(144,'GetFileNames','Get File Names','Get file names from the operating system and send them to the next step.'),(145,'StringOperations','String operations','Apply certain operations like trimming, padding and others to string value.'),(146,'SetVariable','Set Variables','Set environment variables based on a single input row.'),(147,'RandomValue','Generate random value','Generate random value'),(148,'GetSessionVariableStep','Get session variables','Get session variables from the current user session.'),(149,'FieldSplitter','Split Fields','When you want to split a single field into more then one, use this step type.'),(150,'BlockingStep','Blocking Step','This step blocks until all incoming rows have been processed.  Subsequent steps only recieve the last input row to this step.'),(151,'CsvInput','CSV file input','Simple CSV file input'),(152,'MongoDbOutput','MongoDB Output','Writes to a Mongo DB collection'),(153,'PropertyInput','Property Input','Read data (key, value) from properties files.'),(154,'SynchronizeAfterMerge','Synchronize after merge','This step perform insert/update/delete in one go based on the value of a field. '),(155,'Dummy','Dummy (do nothing)','This step type doesn\'t do anything.\nIt\'s useful however when testing things or in certain situations where you want to split streams.'),(156,'StreamLookup','Stream lookup','Look up values coming from another stream in the transformation.'),(157,'PGPEncryptStream','PGP Encrypt stream','Encrypt data stream with PGP'),(158,'GetFilesRowsCount','Get Files Rows Count','Returns rows count for text files.'),(159,'SetValueField','Set field value','Set value of a field with another value field'),(160,'PGPDecryptStream','PGP Decrypt stream','Decrypt data stream with PGP'),(161,'Mapping','Mapping (sub-transformation)','Run a mapping (sub-transformation), use MappingInput and MappingOutput to specify the fields interface'),(162,'DynamicSQLRow','Dynamic SQL row','Execute dynamic SQL statement build in a previous field'),(163,'Update','Update','Update data in a database table based upon keys'),(164,'UniqueRowsByHashSet','Unique rows (HashSet)','Remove double rows and leave only unique occurrences by using a HashSet.'),(165,'Formula','Formula','Calculate a formula using Pentaho\'s libformula'),(166,'WebServiceAvailable','Check if webservice is available','Check if a webservice is available'),(167,'ExecProcess','Execute a process','Execute a process and return the result'),(168,'Injector','Injector','Injector step to allow to inject rows into the transformation through the java API'),(169,'SampleRows','Sample rows','Filter rows based on the line number.'),(170,'DummyStep','Example Step','This is a plugin example step'),(171,'GetSlaveSequence','Get ID from slave server','Retrieves unique IDs in blocks from a slave server.  The referenced sequence needs to be configured on the slave server in the XML configuration file.'),(172,'FileExists','File exists','Check if a file exists'),(173,'MappingOutput','Mapping output specification','Specify the output interface of a mapping'),(174,'Script','Script','Calculate values by scripting in Ruby, Python, Groovy, JavaScript, ... (JSR-223)'),(175,'GroupBy','Group by','Builds aggregates in a group by fashion.\nThis works only on a sorted input.\nIf the input is not sorted, only double consecutive rows are handled correctly.'),(176,'GetRepositoryNames','Get repository names','Lists detailed information about transformations and/or jobs in a repository'),(177,'PaloCellOutput','Palo Cell Output','Writes data to a defined Palo Cube'),(178,'ClosureGenerator','Closure Generator','This step allows you to generates a closure table using parent-child relationships.'),(179,'Sequence','Add sequence','Get the next value from an sequence'),(180,'FilterRows','Filter rows','Filter rows using simple equations'),(181,'VectorWiseBulkLoader','Ingres VectorWise Bulk Loader','This step interfaces with the Ingres VectorWise Bulk Loader \"COPY TABLE\" command.'),(182,'ConcatFields','Concat Fields','Concat fields together into a new field (similar to the Text File Output step)'),(183,'HBaseInput','HBase Input','Reads data from a HBase table according to a mapping '),(184,'TypeExitExcelWriterStep','Microsoft Excel Writer','Writes or appends data to an Excel file'),(185,'OldTextFileInput','Old Text file input','Read data from a text file in several formats.\nThis data can then be passed on to the next step(s)...'),(186,'AnalyticQuery','Analytic Query','Execute analytic queries over a sorted dataset (LEAD/LAG/FIRST/LAST)'),(187,'FixedInput','Fixed file input','Fixed file input'),(188,'HadoopFileInputPlugin','Hadoop File Input','Process files from an HDFS location'),(189,'PrioritizeStreams','Prioritize streams','Prioritize streams in an order way.'),(190,'CassandraOutput','Cassandra Output','Writes to a Cassandra table'),(191,'ValueMapper','Value Mapper','Maps values of a certain field from one value to another'),(192,'Constant','Add constants','Add one or more constants to the input rows'),(193,'ExecSQLRow','Execute row SQL script','Execute SQL script extracted from a field\ncreated in a previous step.'),(194,'JavaFilter','Java Filter','Filter rows using java code'),(195,'XMLOutput','XML Output','Write data to an XML file'),(196,'ReservoirSampling','Reservoir Sampling','[Transform] Samples a fixed number of rows from the incoming stream'),(197,'RowsToResult','Copy rows to result','Use this step to write rows to the executing job.\nThe information will then be passed to the next entry in this job.'),(198,'SalesforceUpsert','Salesforce Upsert','Insert or update records in Salesforce module.'),(199,'ExecSQL','Execute SQL script','Execute an SQL script, optionally parameterized using input rows'),(200,'MonetDBAgileMart','MonetDB Agile Mart','Load data into MonetDB for Agile BI use cases'),(201,'Rest','REST Client','Consume RESTfull services.\nREpresentational State Transfer (REST) is a key design idiom that embraces a stateless client-server\narchitecture in which the web services are viewed as resources and can be identified by their URLs'),(202,'LucidDBStreamingLoader','LucidDB Streaming Loader','Load data into LucidDB by using Remote Rows UDX.'),(203,'TransExecutor','Transformation Executor','This step executes a Pentaho Data Integration transformation, sets parameters and passes rows.'),(204,'Calculator','Calculator','Create new fields by performing simple calculations'),(205,'StepMetastructure','Metadata structure of stream','This is a step to read the metadata of the incoming stream.'),(206,'SplitFieldToRows3','Split field to rows','Splits a single string field by delimiter and creates a new row for each split term'),(207,'FilesFromResult','Get files from result','This step allows you to read filenames used or generated in a previous entry in a job.'),(208,'YamlInput','Yaml Input ','Read YAML source (file or stream) parse them and convert them to rows and writes these to one or more output. '),(209,'UnivariateStats','Univariate Statistics','This step computes some simple stats based on a single input field'),(210,'SSH','Run SSH commands','Run SSH commands and returns result.'),(211,'MailInput','Email messages input','Read POP3/IMAP server and retrieve messages'),(212,'XSLT','XSL Transformation','Make an XSL Transformation'),(213,'CloneRow','Clone row','Clone a row as many times as needed'),(214,'HTTPPOST','HTTP Post','Call a web service request over HTTP by supplying a base URL by allowing parameters to be set dynamically'),(215,'TableAgileMart','Table Agile Mart','Load data into a table for Agile BI use cases'),(216,'GetSubFolders','Get SubFolder names','Read a parent folder and return all subfolders'),(217,'CreditCardValidator','Credit card validator','The Credit card validator step will help you tell:\n(1) if a credit card number is valid (uses LUHN10 (MOD-10) algorithm)\n(2) which credit card vendor handles that number\n(VISA, MasterCard, Diners Club, EnRoute, American Express (AMEX),...)'),(218,'NumberRange','Number range','Create ranges based on numeric field'),(219,'Mail','Mail','Send eMail.'),(220,'MonetDBBulkLoader','MonetDB Bulk Loader','Load data into MonetDB by using their bulk load command in streaming mode.'),(221,'SecretKeyGenerator','Secret key generator','Generate secret key for algorithms such as DES, AES, TripleDES.'),(222,'PentahoReportingOutput','Pentaho Reporting Output','Executes an existing report (PRPT)'),(223,'SapInput','SAP Input','Read data from SAP ERP, optionally with parameters');
/*!40000 ALTER TABLE `R_STEP_TYPE` ENABLE KEYS */;
UNLOCK TABLES;

--
-- Table structure for table `R_TRANSFORMATION`
--

DROP TABLE IF EXISTS `R_TRANSFORMATION`;
/*!40101 SET @saved_cs_client     = @@character_set_client */;
/*!40101 SET character_set_client = utf8 */;
CREATE TABLE `R_TRANSFORMATION` (
  `ID_TRANSFORMATION` bigint(20) NOT NULL,
  `ID_DIRECTORY` int(11) DEFAULT NULL,
  `NAME` varchar(255) DEFAULT NULL,
  `DESCRIPTION` mediumtext,
  `EXTENDED_DESCRIPTION` mediumtext,
  `TRANS_VERSION` varchar(255) DEFAULT NULL,
  `TRANS_STATUS` int(11) DEFAULT NULL,
  `ID_STEP_READ` int(11) DEFAULT NULL,
  `ID_STEP_WRITE` int(11) DEFAULT NULL,
  `ID_STEP_INPUT` int(11) DEFAULT NULL,
  `ID_STEP_OUTPUT` int(11) DEFAULT NULL,
  `ID_STEP_UPDATE` int(11) DEFAULT NULL,
  `ID_DATABASE_LOG` int(11) DEFAULT NULL,
  `TABLE_NAME_LOG` varchar(255) DEFAULT NULL,
  `USE_BATCHID` tinyint(1) DEFAULT NULL,
  `USE_LOGFIELD` tinyint(1) DEFAULT NULL,
  `ID_DATABASE_MAXDATE` int(11) DEFAULT NULL,
  `TABLE_NAME_MAXDATE` varchar(255) DEFAULT NULL,
  `FIELD_NAME_MAXDATE` varchar(255) DEFAULT NULL,
  `OFFSET_MAXDATE` double DEFAULT NULL,
  `DIFF_MAXDATE` double DEFAULT NULL,
  `CREATED_USER` varchar(255) DEFAULT NULL,
  `CREATED_DATE` datetime DEFAULT NULL,
  `MODIFIED_USER` varchar(255) DEFAULT NULL,
  `MODIFIED_DATE` datetime DEFAULT NULL,
  `SIZE_ROWSET` int(11) DEFAULT NULL,
  PRIMARY KEY (`ID_TRANSFORMATION`)
) ENGINE=InnoDB DEFAULT CHARSET=utf8;
/*!40101 SET character_set_client = @saved_cs_client */;

--
-- Dumping data for table `R_TRANSFORMATION`
--

LOCK TABLES `R_TRANSFORMATION` WRITE;
/*!40000 ALTER TABLE `R_TRANSFORMATION` DISABLE KEYS */;
INSERT INTO `R_TRANSFORMATION` VALUES (1,0,'Transformation 1',NULL,NULL,NULL,0,NULL,NULL,NULL,NULL,NULL,-1,NULL,1,1,-1,NULL,NULL,0,0,'-','2018-08-17 17:48:02','admin','2018-08-17 17:48:17',10000),(2,0,'Trans1',NULL,NULL,NULL,0,NULL,NULL,NULL,NULL,NULL,-1,NULL,1,1,-1,NULL,NULL,0,0,'-','2018-08-17 17:48:02','admin','2018-08-17 17:48:32',10000);
/*!40000 ALTER TABLE `R_TRANSFORMATION` ENABLE KEYS */;
UNLOCK TABLES;

--
-- Table structure for table `R_TRANS_ATTRIBUTE`
--

DROP TABLE IF EXISTS `R_TRANS_ATTRIBUTE`;
/*!40101 SET @saved_cs_client     = @@character_set_client */;
/*!40101 SET character_set_client = utf8 */;
CREATE TABLE `R_TRANS_ATTRIBUTE` (
  `ID_TRANS_ATTRIBUTE` bigint(20) NOT NULL,
  `ID_TRANSFORMATION` int(11) DEFAULT NULL,
  `NR` int(11) DEFAULT NULL,
  `CODE` varchar(255) DEFAULT NULL,
  `VALUE_NUM` bigint(20) DEFAULT NULL,
  `VALUE_STR` mediumtext,
  PRIMARY KEY (`ID_TRANS_ATTRIBUTE`),
  UNIQUE KEY `IDX_TATT` (`ID_TRANSFORMATION`,`CODE`,`NR`)
) ENGINE=InnoDB DEFAULT CHARSET=utf8;
/*!40101 SET character_set_client = @saved_cs_client */;

--
-- Dumping data for table `R_TRANS_ATTRIBUTE`
--

LOCK TABLES `R_TRANS_ATTRIBUTE` WRITE;
/*!40000 ALTER TABLE `R_TRANS_ATTRIBUTE` DISABLE KEYS */;
INSERT INTO `R_TRANS_ATTRIBUTE` VALUES (1,1,0,'UNIQUE_CONNECTIONS',0,'N'),(2,1,0,'FEEDBACK_SHOWN',0,'Y'),(3,1,0,'FEEDBACK_SIZE',50000,NULL),(4,1,0,'USING_THREAD_PRIORITIES',0,'Y'),(5,1,0,'SHARED_FILE',0,NULL),(6,1,0,'CAPTURE_STEP_PERFORMANCE',0,'N'),(7,1,0,'STEP_PERFORMANCE_CAPTURING_DELAY',1000,NULL),(8,1,0,'STEP_PERFORMANCE_CAPTURING_SIZE_LIMIT',0,'100'),(9,1,0,'STEP_PERFORMANCE_LOG_TABLE',0,NULL),(10,1,0,'LOG_SIZE_LIMIT',0,NULL),(11,1,0,'LOG_INTERVAL',0,NULL),(12,1,0,'TRANSFORMATION_TYPE',0,'Normal'),(13,1,0,'SLEEP_TIME_EMPTY',50,NULL),(14,1,0,'SLEEP_TIME_FULL',50,NULL),(15,1,0,'TRANS_LOG_TABLE_CONNECTION_NAME',0,NULL),(16,1,0,'TRANS_LOG_TABLE_SCHEMA_NAME',0,NULL),(17,1,0,'TRANS_LOG_TABLE_TABLE_NAME',0,NULL),(18,1,0,'TRANS_LOG_TABLE_TIMEOUT_IN_DAYS',0,NULL),(19,1,0,'TRANS_LOG_TABLE_FIELD_ID0',0,'ID_BATCH'),(20,1,0,'TRANS_LOG_TABLE_FIELD_NAME0',0,'ID_BATCH'),(21,1,0,'TRANS_LOG_TABLE_FIELD_ENABLED0',0,'Y'),(22,1,0,'TRANS_LOG_TABLE_FIELD_ID1',0,'CHANNEL_ID'),(23,1,0,'TRANS_LOG_TABLE_FIELD_NAME1',0,'CHANNEL_ID'),(24,1,0,'TRANS_LOG_TABLE_FIELD_ENABLED1',0,'Y'),(25,1,0,'TRANS_LOG_TABLE_FIELD_ID2',0,'TRANSNAME'),(26,1,0,'TRANS_LOG_TABLE_FIELD_NAME2',0,'TRANSNAME'),(27,1,0,'TRANS_LOG_TABLE_FIELD_ENABLED2',0,'Y'),(28,1,0,'TRANS_LOG_TABLE_FIELD_ID3',0,'STATUS'),(29,1,0,'TRANS_LOG_TABLE_FIELD_NAME3',0,'STATUS'),(30,1,0,'TRANS_LOG_TABLE_FIELD_ENABLED3',0,'Y'),(31,1,0,'TRANS_LOG_TABLE_FIELD_ID4',0,'LINES_READ'),(32,1,0,'TRANS_LOG_TABLE_FIELD_NAME4',0,'LINES_READ'),(33,1,0,'TRANS_LOG_TABLE_FIELD_ENABLED4',0,'Y'),(34,1,0,'TRANS_LOG_TABLE_FIELD_SUBJECT4',0,NULL),(35,1,0,'TRANS_LOG_TABLE_FIELD_ID5',0,'LINES_WRITTEN'),(36,1,0,'TRANS_LOG_TABLE_FIELD_NAME5',0,'LINES_WRITTEN'),(37,1,0,'TRANS_LOG_TABLE_FIELD_ENABLED5',0,'Y'),(38,1,0,'TRANS_LOG_TABLE_FIELD_SUBJECT5',0,NULL),(39,1,0,'TRANS_LOG_TABLE_FIELD_ID6',0,'LINES_UPDATED'),(40,1,0,'TRANS_LOG_TABLE_FIELD_NAME6',0,'LINES_UPDATED'),(41,1,0,'TRANS_LOG_TABLE_FIELD_ENABLED6',0,'Y'),(42,1,0,'TRANS_LOG_TABLE_FIELD_SUBJECT6',0,NULL),(43,1,0,'TRANS_LOG_TABLE_FIELD_ID7',0,'LINES_INPUT'),(44,1,0,'TRANS_LOG_TABLE_FIELD_NAME7',0,'LINES_INPUT'),(45,1,0,'TRANS_LOG_TABLE_FIELD_ENABLED7',0,'Y'),(46,1,0,'TRANS_LOG_TABLE_FIELD_SUBJECT7',0,NULL),(47,1,0,'TRANS_LOG_TABLE_FIELD_ID8',0,'LINES_OUTPUT'),(48,1,0,'TRANS_LOG_TABLE_FIELD_NAME8',0,'LINES_OUTPUT'),(49,1,0,'TRANS_LOG_TABLE_FIELD_ENABLED8',0,'Y'),(50,1,0,'TRANS_LOG_TABLE_FIELD_SUBJECT8',0,NULL),(51,1,0,'TRANS_LOG_TABLE_FIELD_ID9',0,'LINES_REJECTED'),(52,1,0,'TRANS_LOG_TABLE_FIELD_NAME9',0,'LINES_REJECTED'),(53,1,0,'TRANS_LOG_TABLE_FIELD_ENABLED9',0,'Y'),(54,1,0,'TRANS_LOG_TABLE_FIELD_SUBJECT9',0,NULL),(55,1,0,'TRANS_LOG_TABLE_FIELD_ID10',0,'ERRORS'),(56,1,0,'TRANS_LOG_TABLE_FIELD_NAME10',0,'ERRORS'),(57,1,0,'TRANS_LOG_TABLE_FIELD_ENABLED10',0,'Y'),(58,1,0,'TRANS_LOG_TABLE_FIELD_ID11',0,'STARTDATE'),(59,1,0,'TRANS_LOG_TABLE_FIELD_NAME11',0,'STARTDATE'),(60,1,0,'TRANS_LOG_TABLE_FIELD_ENABLED11',0,'Y'),(61,1,0,'TRANS_LOG_TABLE_FIELD_ID12',0,'ENDDATE'),(62,1,0,'TRANS_LOG_TABLE_FIELD_NAME12',0,'ENDDATE'),(63,1,0,'TRANS_LOG_TABLE_FIELD_ENABLED12',0,'Y'),(64,1,0,'TRANS_LOG_TABLE_FIELD_ID13',0,'LOGDATE'),(65,1,0,'TRANS_LOG_TABLE_FIELD_NAME13',0,'LOGDATE'),(66,1,0,'TRANS_LOG_TABLE_FIELD_ENABLED13',0,'Y'),(67,1,0,'TRANS_LOG_TABLE_FIELD_ID14',0,'DEPDATE'),(68,1,0,'TRANS_LOG_TABLE_FIELD_NAME14',0,'DEPDATE'),(69,1,0,'TRANS_LOG_TABLE_FIELD_ENABLED14',0,'Y'),(70,1,0,'TRANS_LOG_TABLE_FIELD_ID15',0,'REPLAYDATE'),(71,1,0,'TRANS_LOG_TABLE_FIELD_NAME15',0,'REPLAYDATE'),(72,1,0,'TRANS_LOG_TABLE_FIELD_ENABLED15',0,'Y'),(73,1,0,'TRANS_LOG_TABLE_FIELD_ID16',0,'LOG_FIELD'),(74,1,0,'TRANS_LOG_TABLE_FIELD_NAME16',0,'LOG_FIELD'),(75,1,0,'TRANS_LOG_TABLE_FIELD_ENABLED16',0,'Y'),(76,1,0,'TRANS_LOG_TABLE_FIELD_ID17',0,'EXECUTING_SERVER'),(77,1,0,'TRANS_LOG_TABLE_FIELD_NAME17',0,'EXECUTING_SERVER'),(78,1,0,'TRANS_LOG_TABLE_FIELD_ENABLED17',0,'N'),(79,1,0,'TRANS_LOG_TABLE_FIELD_ID18',0,'EXECUTING_USER'),(80,1,0,'TRANS_LOG_TABLE_FIELD_NAME18',0,'EXECUTING_USER'),(81,1,0,'TRANS_LOG_TABLE_FIELD_ENABLED18',0,'N'),(82,1,0,'TRANS_LOG_TABLE_FIELD_ID19',0,'CLIENT'),(83,1,0,'TRANS_LOG_TABLE_FIELD_NAME19',0,'CLIENT'),(84,1,0,'TRANS_LOG_TABLE_FIELD_ENABLED19',0,'N'),(85,1,0,'TRANSLOG_TABLE_INTERVAL',0,NULL),(86,1,0,'TRANSLOG_TABLE_SIZE_LIMIT',0,NULL),(87,1,0,'STEP_LOG_TABLE_CONNECTION_NAME',0,NULL),(88,1,0,'STEP_LOG_TABLE_SCHEMA_NAME',0,NULL),(89,1,0,'STEP_LOG_TABLE_TABLE_NAME',0,NULL),(90,1,0,'STEP_LOG_TABLE_TIMEOUT_IN_DAYS',0,NULL),(91,1,0,'STEP_LOG_TABLE_FIELD_ID0',0,'ID_BATCH'),(92,1,0,'STEP_LOG_TABLE_FIELD_NAME0',0,'ID_BATCH'),(93,1,0,'STEP_LOG_TABLE_FIELD_ENABLED0',0,'Y'),(94,1,0,'STEP_LOG_TABLE_FIELD_ID1',0,'CHANNEL_ID'),(95,1,0,'STEP_LOG_TABLE_FIELD_NAME1',0,'CHANNEL_ID'),(96,1,0,'STEP_LOG_TABLE_FIELD_ENABLED1',0,'Y'),(97,1,0,'STEP_LOG_TABLE_FIELD_ID2',0,'LOG_DATE'),(98,1,0,'STEP_LOG_TABLE_FIELD_NAME2',0,'LOG_DATE'),(99,1,0,'STEP_LOG_TABLE_FIELD_ENABLED2',0,'Y'),(100,1,0,'STEP_LOG_TABLE_FIELD_ID3',0,'TRANSNAME'),(101,1,0,'STEP_LOG_TABLE_FIELD_NAME3',0,'TRANSNAME'),(102,1,0,'STEP_LOG_TABLE_FIELD_ENABLED3',0,'Y'),(103,1,0,'STEP_LOG_TABLE_FIELD_ID4',0,'STEPNAME'),(104,1,0,'STEP_LOG_TABLE_FIELD_NAME4',0,'STEPNAME'),(105,1,0,'STEP_LOG_TABLE_FIELD_ENABLED4',0,'Y'),(106,1,0,'STEP_LOG_TABLE_FIELD_ID5',0,'STEP_COPY'),(107,1,0,'STEP_LOG_TABLE_FIELD_NAME5',0,'STEP_COPY'),(108,1,0,'STEP_LOG_TABLE_FIELD_ENABLED5',0,'Y'),(109,1,0,'STEP_LOG_TABLE_FIELD_ID6',0,'LINES_READ'),(110,1,0,'STEP_LOG_TABLE_FIELD_NAME6',0,'LINES_READ'),(111,1,0,'STEP_LOG_TABLE_FIELD_ENABLED6',0,'Y'),(112,1,0,'STEP_LOG_TABLE_FIELD_ID7',0,'LINES_WRITTEN'),(113,1,0,'STEP_LOG_TABLE_FIELD_NAME7',0,'LINES_WRITTEN'),(114,1,0,'STEP_LOG_TABLE_FIELD_ENABLED7',0,'Y'),(115,1,0,'STEP_LOG_TABLE_FIELD_ID8',0,'LINES_UPDATED'),(116,1,0,'STEP_LOG_TABLE_FIELD_NAME8',0,'LINES_UPDATED'),(117,1,0,'STEP_LOG_TABLE_FIELD_ENABLED8',0,'Y'),(118,1,0,'STEP_LOG_TABLE_FIELD_ID9',0,'LINES_INPUT'),(119,1,0,'STEP_LOG_TABLE_FIELD_NAME9',0,'LINES_INPUT'),(120,1,0,'STEP_LOG_TABLE_FIELD_ENABLED9',0,'Y'),(121,1,0,'STEP_LOG_TABLE_FIELD_ID10',0,'LINES_OUTPUT'),(122,1,0,'STEP_LOG_TABLE_FIELD_NAME10',0,'LINES_OUTPUT'),(123,1,0,'STEP_LOG_TABLE_FIELD_ENABLED10',0,'Y'),(124,1,0,'STEP_LOG_TABLE_FIELD_ID11',0,'LINES_REJECTED'),(125,1,0,'STEP_LOG_TABLE_FIELD_NAME11',0,'LINES_REJECTED'),(126,1,0,'STEP_LOG_TABLE_FIELD_ENABLED11',0,'Y'),(127,1,0,'STEP_LOG_TABLE_FIELD_ID12',0,'ERRORS'),(128,1,0,'STEP_LOG_TABLE_FIELD_NAME12',0,'ERRORS'),(129,1,0,'STEP_LOG_TABLE_FIELD_ENABLED12',0,'Y'),(130,1,0,'STEP_LOG_TABLE_FIELD_ID13',0,'LOG_FIELD'),(131,1,0,'STEP_LOG_TABLE_FIELD_NAME13',0,'LOG_FIELD'),(132,1,0,'STEP_LOG_TABLE_FIELD_ENABLED13',0,'N'),(133,1,0,'PERFORMANCE_LOG_TABLE_CONNECTION_NAME',0,NULL),(134,1,0,'PERFORMANCE_LOG_TABLE_SCHEMA_NAME',0,NULL),(135,1,0,'PERFORMANCE_LOG_TABLE_TABLE_NAME',0,NULL),(136,1,0,'PERFORMANCE_LOG_TABLE_TIMEOUT_IN_DAYS',0,NULL),(137,1,0,'PERFORMANCE_LOG_TABLE_FIELD_ID0',0,'ID_BATCH'),(138,1,0,'PERFORMANCE_LOG_TABLE_FIELD_NAME0',0,'ID_BATCH'),(139,1,0,'PERFORMANCE_LOG_TABLE_FIELD_ENABLED0',0,'Y'),(140,1,0,'PERFORMANCE_LOG_TABLE_FIELD_ID1',0,'SEQ_NR'),(141,1,0,'PERFORMANCE_LOG_TABLE_FIELD_NAME1',0,'SEQ_NR'),(142,1,0,'PERFORMANCE_LOG_TABLE_FIELD_ENABLED1',0,'Y'),(143,1,0,'PERFORMANCE_LOG_TABLE_FIELD_ID2',0,'LOGDATE'),(144,1,0,'PERFORMANCE_LOG_TABLE_FIELD_NAME2',0,'LOGDATE'),(145,1,0,'PERFORMANCE_LOG_TABLE_FIELD_ENABLED2',0,'Y'),(146,1,0,'PERFORMANCE_LOG_TABLE_FIELD_ID3',0,'TRANSNAME'),(147,1,0,'PERFORMANCE_LOG_TABLE_FIELD_NAME3',0,'TRANSNAME'),(148,1,0,'PERFORMANCE_LOG_TABLE_FIELD_ENABLED3',0,'Y'),(149,1,0,'PERFORMANCE_LOG_TABLE_FIELD_ID4',0,'STEPNAME'),(150,1,0,'PERFORMANCE_LOG_TABLE_FIELD_NAME4',0,'STEPNAME'),(151,1,0,'PERFORMANCE_LOG_TABLE_FIELD_ENABLED4',0,'Y'),(152,1,0,'PERFORMANCE_LOG_TABLE_FIELD_ID5',0,'STEP_COPY'),(153,1,0,'PERFORMANCE_LOG_TABLE_FIELD_NAME5',0,'STEP_COPY'),(154,1,0,'PERFORMANCE_LOG_TABLE_FIELD_ENABLED5',0,'Y'),(155,1,0,'PERFORMANCE_LOG_TABLE_FIELD_ID6',0,'LINES_READ'),(156,1,0,'PERFORMANCE_LOG_TABLE_FIELD_NAME6',0,'LINES_READ'),(157,1,0,'PERFORMANCE_LOG_TABLE_FIELD_ENABLED6',0,'Y'),(158,1,0,'PERFORMANCE_LOG_TABLE_FIELD_ID7',0,'LINES_WRITTEN'),(159,1,0,'PERFORMANCE_LOG_TABLE_FIELD_NAME7',0,'LINES_WRITTEN'),(160,1,0,'PERFORMANCE_LOG_TABLE_FIELD_ENABLED7',0,'Y'),(161,1,0,'PERFORMANCE_LOG_TABLE_FIELD_ID8',0,'LINES_UPDATED'),(162,1,0,'PERFORMANCE_LOG_TABLE_FIELD_NAME8',0,'LINES_UPDATED'),(163,1,0,'PERFORMANCE_LOG_TABLE_FIELD_ENABLED8',0,'Y'),(164,1,0,'PERFORMANCE_LOG_TABLE_FIELD_ID9',0,'LINES_INPUT'),(165,1,0,'PERFORMANCE_LOG_TABLE_FIELD_NAME9',0,'LINES_INPUT'),(166,1,0,'PERFORMANCE_LOG_TABLE_FIELD_ENABLED9',0,'Y'),(167,1,0,'PERFORMANCE_LOG_TABLE_FIELD_ID10',0,'LINES_OUTPUT'),(168,1,0,'PERFORMANCE_LOG_TABLE_FIELD_NAME10',0,'LINES_OUTPUT'),(169,1,0,'PERFORMANCE_LOG_TABLE_FIELD_ENABLED10',0,'Y'),(170,1,0,'PERFORMANCE_LOG_TABLE_FIELD_ID11',0,'LINES_REJECTED'),(171,1,0,'PERFORMANCE_LOG_TABLE_FIELD_NAME11',0,'LINES_REJECTED'),(172,1,0,'PERFORMANCE_LOG_TABLE_FIELD_ENABLED11',0,'Y'),(173,1,0,'PERFORMANCE_LOG_TABLE_FIELD_ID12',0,'ERRORS'),(174,1,0,'PERFORMANCE_LOG_TABLE_FIELD_NAME12',0,'ERRORS'),(175,1,0,'PERFORMANCE_LOG_TABLE_FIELD_ENABLED12',0,'Y'),(176,1,0,'PERFORMANCE_LOG_TABLE_FIELD_ID13',0,'INPUT_BUFFER_ROWS'),(177,1,0,'PERFORMANCE_LOG_TABLE_FIELD_NAME13',0,'INPUT_BUFFER_ROWS'),(178,1,0,'PERFORMANCE_LOG_TABLE_FIELD_ENABLED13',0,'Y'),(179,1,0,'PERFORMANCE_LOG_TABLE_FIELD_ID14',0,'OUTPUT_BUFFER_ROWS'),(180,1,0,'PERFORMANCE_LOG_TABLE_FIELD_NAME14',0,'OUTPUT_BUFFER_ROWS'),(181,1,0,'PERFORMANCE_LOG_TABLE_FIELD_ENABLED14',0,'Y'),(182,1,0,'PERFORMANCELOG_TABLE_INTERVAL',0,NULL),(183,1,0,'CHANNEL_LOG_TABLE_CONNECTION_NAME',0,NULL),(184,1,0,'CHANNEL_LOG_TABLE_SCHEMA_NAME',0,NULL),(185,1,0,'CHANNEL_LOG_TABLE_TABLE_NAME',0,NULL),(186,1,0,'CHANNEL_LOG_TABLE_TIMEOUT_IN_DAYS',0,NULL),(187,1,0,'CHANNEL_LOG_TABLE_FIELD_ID0',0,'ID_BATCH'),(188,1,0,'CHANNEL_LOG_TABLE_FIELD_NAME0',0,'ID_BATCH'),(189,1,0,'CHANNEL_LOG_TABLE_FIELD_ENABLED0',0,'Y'),(190,1,0,'CHANNEL_LOG_TABLE_FIELD_ID1',0,'CHANNEL_ID'),(191,1,0,'CHANNEL_LOG_TABLE_FIELD_NAME1',0,'CHANNEL_ID'),(192,1,0,'CHANNEL_LOG_TABLE_FIELD_ENABLED1',0,'Y'),(193,1,0,'CHANNEL_LOG_TABLE_FIELD_ID2',0,'LOG_DATE'),(194,1,0,'CHANNEL_LOG_TABLE_FIELD_NAME2',0,'LOG_DATE'),(195,1,0,'CHANNEL_LOG_TABLE_FIELD_ENABLED2',0,'Y'),(196,1,0,'CHANNEL_LOG_TABLE_FIELD_ID3',0,'LOGGING_OBJECT_TYPE'),(197,1,0,'CHANNEL_LOG_TABLE_FIELD_NAME3',0,'LOGGING_OBJECT_TYPE'),(198,1,0,'CHANNEL_LOG_TABLE_FIELD_ENABLED3',0,'Y'),(199,1,0,'CHANNEL_LOG_TABLE_FIELD_ID4',0,'OBJECT_NAME'),(200,1,0,'CHANNEL_LOG_TABLE_FIELD_NAME4',0,'OBJECT_NAME'),(201,1,0,'CHANNEL_LOG_TABLE_FIELD_ENABLED4',0,'Y'),(202,1,0,'CHANNEL_LOG_TABLE_FIELD_ID5',0,'OBJECT_COPY'),(203,1,0,'CHANNEL_LOG_TABLE_FIELD_NAME5',0,'OBJECT_COPY'),(204,1,0,'CHANNEL_LOG_TABLE_FIELD_ENABLED5',0,'Y'),(205,1,0,'CHANNEL_LOG_TABLE_FIELD_ID6',0,'REPOSITORY_DIRECTORY'),(206,1,0,'CHANNEL_LOG_TABLE_FIELD_NAME6',0,'REPOSITORY_DIRECTORY'),(207,1,0,'CHANNEL_LOG_TABLE_FIELD_ENABLED6',0,'Y'),(208,1,0,'CHANNEL_LOG_TABLE_FIELD_ID7',0,'FILENAME'),(209,1,0,'CHANNEL_LOG_TABLE_FIELD_NAME7',0,'FILENAME'),(210,1,0,'CHANNEL_LOG_TABLE_FIELD_ENABLED7',0,'Y'),(211,1,0,'CHANNEL_LOG_TABLE_FIELD_ID8',0,'OBJECT_ID'),(212,1,0,'CHANNEL_LOG_TABLE_FIELD_NAME8',0,'OBJECT_ID'),(213,1,0,'CHANNEL_LOG_TABLE_FIELD_ENABLED8',0,'Y'),(214,1,0,'CHANNEL_LOG_TABLE_FIELD_ID9',0,'OBJECT_REVISION'),(215,1,0,'CHANNEL_LOG_TABLE_FIELD_NAME9',0,'OBJECT_REVISION'),(216,1,0,'CHANNEL_LOG_TABLE_FIELD_ENABLED9',0,'Y'),(217,1,0,'CHANNEL_LOG_TABLE_FIELD_ID10',0,'PARENT_CHANNEL_ID'),(218,1,0,'CHANNEL_LOG_TABLE_FIELD_NAME10',0,'PARENT_CHANNEL_ID'),(219,1,0,'CHANNEL_LOG_TABLE_FIELD_ENABLED10',0,'Y'),(220,1,0,'CHANNEL_LOG_TABLE_FIELD_ID11',0,'ROOT_CHANNEL_ID'),(221,1,0,'CHANNEL_LOG_TABLE_FIELD_NAME11',0,'ROOT_CHANNEL_ID'),(222,1,0,'CHANNEL_LOG_TABLE_FIELD_ENABLED11',0,'Y'),(223,2,0,'UNIQUE_CONNECTIONS',0,'N'),(224,2,0,'FEEDBACK_SHOWN',0,'Y'),(225,2,0,'FEEDBACK_SIZE',50000,NULL),(226,2,0,'USING_THREAD_PRIORITIES',0,'Y'),(227,2,0,'SHARED_FILE',0,NULL),(228,2,0,'CAPTURE_STEP_PERFORMANCE',0,'N'),(229,2,0,'STEP_PERFORMANCE_CAPTURING_DELAY',1000,NULL),(230,2,0,'STEP_PERFORMANCE_CAPTURING_SIZE_LIMIT',0,'100'),(231,2,0,'STEP_PERFORMANCE_LOG_TABLE',0,NULL),(232,2,0,'LOG_SIZE_LIMIT',0,NULL),(233,2,0,'LOG_INTERVAL',0,NULL),(234,2,0,'TRANSFORMATION_TYPE',0,'Normal'),(235,2,0,'SLEEP_TIME_EMPTY',50,NULL),(236,2,0,'SLEEP_TIME_FULL',50,NULL),(237,2,0,'TRANS_LOG_TABLE_CONNECTION_NAME',0,NULL),(238,2,0,'TRANS_LOG_TABLE_SCHEMA_NAME',0,NULL),(239,2,0,'TRANS_LOG_TABLE_TABLE_NAME',0,NULL),(240,2,0,'TRANS_LOG_TABLE_TIMEOUT_IN_DAYS',0,NULL),(241,2,0,'TRANS_LOG_TABLE_FIELD_ID0',0,'ID_BATCH'),(242,2,0,'TRANS_LOG_TABLE_FIELD_NAME0',0,'ID_BATCH'),(243,2,0,'TRANS_LOG_TABLE_FIELD_ENABLED0',0,'Y'),(244,2,0,'TRANS_LOG_TABLE_FIELD_ID1',0,'CHANNEL_ID'),(245,2,0,'TRANS_LOG_TABLE_FIELD_NAME1',0,'CHANNEL_ID'),(246,2,0,'TRANS_LOG_TABLE_FIELD_ENABLED1',0,'Y'),(247,2,0,'TRANS_LOG_TABLE_FIELD_ID2',0,'TRANSNAME'),(248,2,0,'TRANS_LOG_TABLE_FIELD_NAME2',0,'TRANSNAME'),(249,2,0,'TRANS_LOG_TABLE_FIELD_ENABLED2',0,'Y'),(250,2,0,'TRANS_LOG_TABLE_FIELD_ID3',0,'STATUS'),(251,2,0,'TRANS_LOG_TABLE_FIELD_NAME3',0,'STATUS'),(252,2,0,'TRANS_LOG_TABLE_FIELD_ENABLED3',0,'Y'),(253,2,0,'TRANS_LOG_TABLE_FIELD_ID4',0,'LINES_READ'),(254,2,0,'TRANS_LOG_TABLE_FIELD_NAME4',0,'LINES_READ'),(255,2,0,'TRANS_LOG_TABLE_FIELD_ENABLED4',0,'Y'),(256,2,0,'TRANS_LOG_TABLE_FIELD_SUBJECT4',0,NULL),(257,2,0,'TRANS_LOG_TABLE_FIELD_ID5',0,'LINES_WRITTEN'),(258,2,0,'TRANS_LOG_TABLE_FIELD_NAME5',0,'LINES_WRITTEN'),(259,2,0,'TRANS_LOG_TABLE_FIELD_ENABLED5',0,'Y'),(260,2,0,'TRANS_LOG_TABLE_FIELD_SUBJECT5',0,NULL),(261,2,0,'TRANS_LOG_TABLE_FIELD_ID6',0,'LINES_UPDATED'),(262,2,0,'TRANS_LOG_TABLE_FIELD_NAME6',0,'LINES_UPDATED'),(263,2,0,'TRANS_LOG_TABLE_FIELD_ENABLED6',0,'Y'),(264,2,0,'TRANS_LOG_TABLE_FIELD_SUBJECT6',0,NULL),(265,2,0,'TRANS_LOG_TABLE_FIELD_ID7',0,'LINES_INPUT'),(266,2,0,'TRANS_LOG_TABLE_FIELD_NAME7',0,'LINES_INPUT'),(267,2,0,'TRANS_LOG_TABLE_FIELD_ENABLED7',0,'Y'),(268,2,0,'TRANS_LOG_TABLE_FIELD_SUBJECT7',0,NULL),(269,2,0,'TRANS_LOG_TABLE_FIELD_ID8',0,'LINES_OUTPUT'),(270,2,0,'TRANS_LOG_TABLE_FIELD_NAME8',0,'LINES_OUTPUT'),(271,2,0,'TRANS_LOG_TABLE_FIELD_ENABLED8',0,'Y'),(272,2,0,'TRANS_LOG_TABLE_FIELD_SUBJECT8',0,NULL),(273,2,0,'TRANS_LOG_TABLE_FIELD_ID9',0,'LINES_REJECTED'),(274,2,0,'TRANS_LOG_TABLE_FIELD_NAME9',0,'LINES_REJECTED'),(275,2,0,'TRANS_LOG_TABLE_FIELD_ENABLED9',0,'Y'),(276,2,0,'TRANS_LOG_TABLE_FIELD_SUBJECT9',0,NULL),(277,2,0,'TRANS_LOG_TABLE_FIELD_ID10',0,'ERRORS'),(278,2,0,'TRANS_LOG_TABLE_FIELD_NAME10',0,'ERRORS'),(279,2,0,'TRANS_LOG_TABLE_FIELD_ENABLED10',0,'Y'),(280,2,0,'TRANS_LOG_TABLE_FIELD_ID11',0,'STARTDATE'),(281,2,0,'TRANS_LOG_TABLE_FIELD_NAME11',0,'STARTDATE'),(282,2,0,'TRANS_LOG_TABLE_FIELD_ENABLED11',0,'Y'),(283,2,0,'TRANS_LOG_TABLE_FIELD_ID12',0,'ENDDATE'),(284,2,0,'TRANS_LOG_TABLE_FIELD_NAME12',0,'ENDDATE'),(285,2,0,'TRANS_LOG_TABLE_FIELD_ENABLED12',0,'Y'),(286,2,0,'TRANS_LOG_TABLE_FIELD_ID13',0,'LOGDATE'),(287,2,0,'TRANS_LOG_TABLE_FIELD_NAME13',0,'LOGDATE'),(288,2,0,'TRANS_LOG_TABLE_FIELD_ENABLED13',0,'Y'),(289,2,0,'TRANS_LOG_TABLE_FIELD_ID14',0,'DEPDATE'),(290,2,0,'TRANS_LOG_TABLE_FIELD_NAME14',0,'DEPDATE'),(291,2,0,'TRANS_LOG_TABLE_FIELD_ENABLED14',0,'Y'),(292,2,0,'TRANS_LOG_TABLE_FIELD_ID15',0,'REPLAYDATE'),(293,2,0,'TRANS_LOG_TABLE_FIELD_NAME15',0,'REPLAYDATE'),(294,2,0,'TRANS_LOG_TABLE_FIELD_ENABLED15',0,'Y'),(295,2,0,'TRANS_LOG_TABLE_FIELD_ID16',0,'LOG_FIELD'),(296,2,0,'TRANS_LOG_TABLE_FIELD_NAME16',0,'LOG_FIELD'),(297,2,0,'TRANS_LOG_TABLE_FIELD_ENABLED16',0,'Y'),(298,2,0,'TRANS_LOG_TABLE_FIELD_ID17',0,'EXECUTING_SERVER'),(299,2,0,'TRANS_LOG_TABLE_FIELD_NAME17',0,'EXECUTING_SERVER'),(300,2,0,'TRANS_LOG_TABLE_FIELD_ENABLED17',0,'N'),(301,2,0,'TRANS_LOG_TABLE_FIELD_ID18',0,'EXECUTING_USER'),(302,2,0,'TRANS_LOG_TABLE_FIELD_NAME18',0,'EXECUTING_USER'),(303,2,0,'TRANS_LOG_TABLE_FIELD_ENABLED18',0,'N'),(304,2,0,'TRANS_LOG_TABLE_FIELD_ID19',0,'CLIENT'),(305,2,0,'TRANS_LOG_TABLE_FIELD_NAME19',0,'CLIENT'),(306,2,0,'TRANS_LOG_TABLE_FIELD_ENABLED19',0,'N'),(307,2,0,'TRANSLOG_TABLE_INTERVAL',0,NULL),(308,2,0,'TRANSLOG_TABLE_SIZE_LIMIT',0,NULL),(309,2,0,'STEP_LOG_TABLE_CONNECTION_NAME',0,NULL),(310,2,0,'STEP_LOG_TABLE_SCHEMA_NAME',0,NULL),(311,2,0,'STEP_LOG_TABLE_TABLE_NAME',0,NULL),(312,2,0,'STEP_LOG_TABLE_TIMEOUT_IN_DAYS',0,NULL),(313,2,0,'STEP_LOG_TABLE_FIELD_ID0',0,'ID_BATCH'),(314,2,0,'STEP_LOG_TABLE_FIELD_NAME0',0,'ID_BATCH'),(315,2,0,'STEP_LOG_TABLE_FIELD_ENABLED0',0,'Y'),(316,2,0,'STEP_LOG_TABLE_FIELD_ID1',0,'CHANNEL_ID'),(317,2,0,'STEP_LOG_TABLE_FIELD_NAME1',0,'CHANNEL_ID'),(318,2,0,'STEP_LOG_TABLE_FIELD_ENABLED1',0,'Y'),(319,2,0,'STEP_LOG_TABLE_FIELD_ID2',0,'LOG_DATE'),(320,2,0,'STEP_LOG_TABLE_FIELD_NAME2',0,'LOG_DATE'),(321,2,0,'STEP_LOG_TABLE_FIELD_ENABLED2',0,'Y'),(322,2,0,'STEP_LOG_TABLE_FIELD_ID3',0,'TRANSNAME'),(323,2,0,'STEP_LOG_TABLE_FIELD_NAME3',0,'TRANSNAME'),(324,2,0,'STEP_LOG_TABLE_FIELD_ENABLED3',0,'Y'),(325,2,0,'STEP_LOG_TABLE_FIELD_ID4',0,'STEPNAME'),(326,2,0,'STEP_LOG_TABLE_FIELD_NAME4',0,'STEPNAME'),(327,2,0,'STEP_LOG_TABLE_FIELD_ENABLED4',0,'Y'),(328,2,0,'STEP_LOG_TABLE_FIELD_ID5',0,'STEP_COPY'),(329,2,0,'STEP_LOG_TABLE_FIELD_NAME5',0,'STEP_COPY'),(330,2,0,'STEP_LOG_TABLE_FIELD_ENABLED5',0,'Y'),(331,2,0,'STEP_LOG_TABLE_FIELD_ID6',0,'LINES_READ'),(332,2,0,'STEP_LOG_TABLE_FIELD_NAME6',0,'LINES_READ'),(333,2,0,'STEP_LOG_TABLE_FIELD_ENABLED6',0,'Y'),(334,2,0,'STEP_LOG_TABLE_FIELD_ID7',0,'LINES_WRITTEN'),(335,2,0,'STEP_LOG_TABLE_FIELD_NAME7',0,'LINES_WRITTEN'),(336,2,0,'STEP_LOG_TABLE_FIELD_ENABLED7',0,'Y'),(337,2,0,'STEP_LOG_TABLE_FIELD_ID8',0,'LINES_UPDATED'),(338,2,0,'STEP_LOG_TABLE_FIELD_NAME8',0,'LINES_UPDATED'),(339,2,0,'STEP_LOG_TABLE_FIELD_ENABLED8',0,'Y'),(340,2,0,'STEP_LOG_TABLE_FIELD_ID9',0,'LINES_INPUT'),(341,2,0,'STEP_LOG_TABLE_FIELD_NAME9',0,'LINES_INPUT'),(342,2,0,'STEP_LOG_TABLE_FIELD_ENABLED9',0,'Y'),(343,2,0,'STEP_LOG_TABLE_FIELD_ID10',0,'LINES_OUTPUT'),(344,2,0,'STEP_LOG_TABLE_FIELD_NAME10',0,'LINES_OUTPUT'),(345,2,0,'STEP_LOG_TABLE_FIELD_ENABLED10',0,'Y'),(346,2,0,'STEP_LOG_TABLE_FIELD_ID11',0,'LINES_REJECTED'),(347,2,0,'STEP_LOG_TABLE_FIELD_NAME11',0,'LINES_REJECTED'),(348,2,0,'STEP_LOG_TABLE_FIELD_ENABLED11',0,'Y'),(349,2,0,'STEP_LOG_TABLE_FIELD_ID12',0,'ERRORS'),(350,2,0,'STEP_LOG_TABLE_FIELD_NAME12',0,'ERRORS'),(351,2,0,'STEP_LOG_TABLE_FIELD_ENABLED12',0,'Y'),(352,2,0,'STEP_LOG_TABLE_FIELD_ID13',0,'LOG_FIELD'),(353,2,0,'STEP_LOG_TABLE_FIELD_NAME13',0,'LOG_FIELD'),(354,2,0,'STEP_LOG_TABLE_FIELD_ENABLED13',0,'N'),(355,2,0,'PERFORMANCE_LOG_TABLE_CONNECTION_NAME',0,NULL),(356,2,0,'PERFORMANCE_LOG_TABLE_SCHEMA_NAME',0,NULL),(357,2,0,'PERFORMANCE_LOG_TABLE_TABLE_NAME',0,NULL),(358,2,0,'PERFORMANCE_LOG_TABLE_TIMEOUT_IN_DAYS',0,NULL),(359,2,0,'PERFORMANCE_LOG_TABLE_FIELD_ID0',0,'ID_BATCH'),(360,2,0,'PERFORMANCE_LOG_TABLE_FIELD_NAME0',0,'ID_BATCH'),(361,2,0,'PERFORMANCE_LOG_TABLE_FIELD_ENABLED0',0,'Y'),(362,2,0,'PERFORMANCE_LOG_TABLE_FIELD_ID1',0,'SEQ_NR'),(363,2,0,'PERFORMANCE_LOG_TABLE_FIELD_NAME1',0,'SEQ_NR'),(364,2,0,'PERFORMANCE_LOG_TABLE_FIELD_ENABLED1',0,'Y'),(365,2,0,'PERFORMANCE_LOG_TABLE_FIELD_ID2',0,'LOGDATE'),(366,2,0,'PERFORMANCE_LOG_TABLE_FIELD_NAME2',0,'LOGDATE'),(367,2,0,'PERFORMANCE_LOG_TABLE_FIELD_ENABLED2',0,'Y'),(368,2,0,'PERFORMANCE_LOG_TABLE_FIELD_ID3',0,'TRANSNAME'),(369,2,0,'PERFORMANCE_LOG_TABLE_FIELD_NAME3',0,'TRANSNAME'),(370,2,0,'PERFORMANCE_LOG_TABLE_FIELD_ENABLED3',0,'Y'),(371,2,0,'PERFORMANCE_LOG_TABLE_FIELD_ID4',0,'STEPNAME'),(372,2,0,'PERFORMANCE_LOG_TABLE_FIELD_NAME4',0,'STEPNAME'),(373,2,0,'PERFORMANCE_LOG_TABLE_FIELD_ENABLED4',0,'Y'),(374,2,0,'PERFORMANCE_LOG_TABLE_FIELD_ID5',0,'STEP_COPY'),(375,2,0,'PERFORMANCE_LOG_TABLE_FIELD_NAME5',0,'STEP_COPY'),(376,2,0,'PERFORMANCE_LOG_TABLE_FIELD_ENABLED5',0,'Y'),(377,2,0,'PERFORMANCE_LOG_TABLE_FIELD_ID6',0,'LINES_READ'),(378,2,0,'PERFORMANCE_LOG_TABLE_FIELD_NAME6',0,'LINES_READ'),(379,2,0,'PERFORMANCE_LOG_TABLE_FIELD_ENABLED6',0,'Y'),(380,2,0,'PERFORMANCE_LOG_TABLE_FIELD_ID7',0,'LINES_WRITTEN'),(381,2,0,'PERFORMANCE_LOG_TABLE_FIELD_NAME7',0,'LINES_WRITTEN'),(382,2,0,'PERFORMANCE_LOG_TABLE_FIELD_ENABLED7',0,'Y'),(383,2,0,'PERFORMANCE_LOG_TABLE_FIELD_ID8',0,'LINES_UPDATED'),(384,2,0,'PERFORMANCE_LOG_TABLE_FIELD_NAME8',0,'LINES_UPDATED'),(385,2,0,'PERFORMANCE_LOG_TABLE_FIELD_ENABLED8',0,'Y'),(386,2,0,'PERFORMANCE_LOG_TABLE_FIELD_ID9',0,'LINES_INPUT'),(387,2,0,'PERFORMANCE_LOG_TABLE_FIELD_NAME9',0,'LINES_INPUT'),(388,2,0,'PERFORMANCE_LOG_TABLE_FIELD_ENABLED9',0,'Y'),(389,2,0,'PERFORMANCE_LOG_TABLE_FIELD_ID10',0,'LINES_OUTPUT'),(390,2,0,'PERFORMANCE_LOG_TABLE_FIELD_NAME10',0,'LINES_OUTPUT'),(391,2,0,'PERFORMANCE_LOG_TABLE_FIELD_ENABLED10',0,'Y'),(392,2,0,'PERFORMANCE_LOG_TABLE_FIELD_ID11',0,'LINES_REJECTED'),(393,2,0,'PERFORMANCE_LOG_TABLE_FIELD_NAME11',0,'LINES_REJECTED'),(394,2,0,'PERFORMANCE_LOG_TABLE_FIELD_ENABLED11',0,'Y'),(395,2,0,'PERFORMANCE_LOG_TABLE_FIELD_ID12',0,'ERRORS'),(396,2,0,'PERFORMANCE_LOG_TABLE_FIELD_NAME12',0,'ERRORS'),(397,2,0,'PERFORMANCE_LOG_TABLE_FIELD_ENABLED12',0,'Y'),(398,2,0,'PERFORMANCE_LOG_TABLE_FIELD_ID13',0,'INPUT_BUFFER_ROWS'),(399,2,0,'PERFORMANCE_LOG_TABLE_FIELD_NAME13',0,'INPUT_BUFFER_ROWS'),(400,2,0,'PERFORMANCE_LOG_TABLE_FIELD_ENABLED13',0,'Y'),(401,2,0,'PERFORMANCE_LOG_TABLE_FIELD_ID14',0,'OUTPUT_BUFFER_ROWS'),(402,2,0,'PERFORMANCE_LOG_TABLE_FIELD_NAME14',0,'OUTPUT_BUFFER_ROWS'),(403,2,0,'PERFORMANCE_LOG_TABLE_FIELD_ENABLED14',0,'Y'),(404,2,0,'PERFORMANCELOG_TABLE_INTERVAL',0,NULL),(405,2,0,'CHANNEL_LOG_TABLE_CONNECTION_NAME',0,NULL),(406,2,0,'CHANNEL_LOG_TABLE_SCHEMA_NAME',0,NULL),(407,2,0,'CHANNEL_LOG_TABLE_TABLE_NAME',0,NULL),(408,2,0,'CHANNEL_LOG_TABLE_TIMEOUT_IN_DAYS',0,NULL),(409,2,0,'CHANNEL_LOG_TABLE_FIELD_ID0',0,'ID_BATCH'),(410,2,0,'CHANNEL_LOG_TABLE_FIELD_NAME0',0,'ID_BATCH'),(411,2,0,'CHANNEL_LOG_TABLE_FIELD_ENABLED0',0,'Y'),(412,2,0,'CHANNEL_LOG_TABLE_FIELD_ID1',0,'CHANNEL_ID'),(413,2,0,'CHANNEL_LOG_TABLE_FIELD_NAME1',0,'CHANNEL_ID'),(414,2,0,'CHANNEL_LOG_TABLE_FIELD_ENABLED1',0,'Y'),(415,2,0,'CHANNEL_LOG_TABLE_FIELD_ID2',0,'LOG_DATE'),(416,2,0,'CHANNEL_LOG_TABLE_FIELD_NAME2',0,'LOG_DATE'),(417,2,0,'CHANNEL_LOG_TABLE_FIELD_ENABLED2',0,'Y'),(418,2,0,'CHANNEL_LOG_TABLE_FIELD_ID3',0,'LOGGING_OBJECT_TYPE'),(419,2,0,'CHANNEL_LOG_TABLE_FIELD_NAME3',0,'LOGGING_OBJECT_TYPE'),(420,2,0,'CHANNEL_LOG_TABLE_FIELD_ENABLED3',0,'Y'),(421,2,0,'CHANNEL_LOG_TABLE_FIELD_ID4',0,'OBJECT_NAME'),(422,2,0,'CHANNEL_LOG_TABLE_FIELD_NAME4',0,'OBJECT_NAME'),(423,2,0,'CHANNEL_LOG_TABLE_FIELD_ENABLED4',0,'Y'),(424,2,0,'CHANNEL_LOG_TABLE_FIELD_ID5',0,'OBJECT_COPY'),(425,2,0,'CHANNEL_LOG_TABLE_FIELD_NAME5',0,'OBJECT_COPY'),(426,2,0,'CHANNEL_LOG_TABLE_FIELD_ENABLED5',0,'Y'),(427,2,0,'CHANNEL_LOG_TABLE_FIELD_ID6',0,'REPOSITORY_DIRECTORY'),(428,2,0,'CHANNEL_LOG_TABLE_FIELD_NAME6',0,'REPOSITORY_DIRECTORY'),(429,2,0,'CHANNEL_LOG_TABLE_FIELD_ENABLED6',0,'Y'),(430,2,0,'CHANNEL_LOG_TABLE_FIELD_ID7',0,'FILENAME'),(431,2,0,'CHANNEL_LOG_TABLE_FIELD_NAME7',0,'FILENAME'),(432,2,0,'CHANNEL_LOG_TABLE_FIELD_ENABLED7',0,'Y'),(433,2,0,'CHANNEL_LOG_TABLE_FIELD_ID8',0,'OBJECT_ID'),(434,2,0,'CHANNEL_LOG_TABLE_FIELD_NAME8',0,'OBJECT_ID'),(435,2,0,'CHANNEL_LOG_TABLE_FIELD_ENABLED8',0,'Y'),(436,2,0,'CHANNEL_LOG_TABLE_FIELD_ID9',0,'OBJECT_REVISION'),(437,2,0,'CHANNEL_LOG_TABLE_FIELD_NAME9',0,'OBJECT_REVISION'),(438,2,0,'CHANNEL_LOG_TABLE_FIELD_ENABLED9',0,'Y'),(439,2,0,'CHANNEL_LOG_TABLE_FIELD_ID10',0,'PARENT_CHANNEL_ID'),(440,2,0,'CHANNEL_LOG_TABLE_FIELD_NAME10',0,'PARENT_CHANNEL_ID'),(441,2,0,'CHANNEL_LOG_TABLE_FIELD_ENABLED10',0,'Y'),(442,2,0,'CHANNEL_LOG_TABLE_FIELD_ID11',0,'ROOT_CHANNEL_ID'),(443,2,0,'CHANNEL_LOG_TABLE_FIELD_NAME11',0,'ROOT_CHANNEL_ID'),(444,2,0,'CHANNEL_LOG_TABLE_FIELD_ENABLED11',0,'Y');
/*!40000 ALTER TABLE `R_TRANS_ATTRIBUTE` ENABLE KEYS */;
UNLOCK TABLES;

--
-- Table structure for table `R_TRANS_CLUSTER`
--

DROP TABLE IF EXISTS `R_TRANS_CLUSTER`;
/*!40101 SET @saved_cs_client     = @@character_set_client */;
/*!40101 SET character_set_client = utf8 */;
CREATE TABLE `R_TRANS_CLUSTER` (
  `ID_TRANS_CLUSTER` bigint(20) NOT NULL,
  `ID_TRANSFORMATION` int(11) DEFAULT NULL,
  `ID_CLUSTER` int(11) DEFAULT NULL,
  PRIMARY KEY (`ID_TRANS_CLUSTER`)
) ENGINE=InnoDB DEFAULT CHARSET=utf8;
/*!40101 SET character_set_client = @saved_cs_client */;

--
-- Dumping data for table `R_TRANS_CLUSTER`
--

LOCK TABLES `R_TRANS_CLUSTER` WRITE;
/*!40000 ALTER TABLE `R_TRANS_CLUSTER` DISABLE KEYS */;
/*!40000 ALTER TABLE `R_TRANS_CLUSTER` ENABLE KEYS */;
UNLOCK TABLES;

--
-- Table structure for table `R_TRANS_HOP`
--

DROP TABLE IF EXISTS `R_TRANS_HOP`;
/*!40101 SET @saved_cs_client     = @@character_set_client */;
/*!40101 SET character_set_client = utf8 */;
CREATE TABLE `R_TRANS_HOP` (
  `ID_TRANS_HOP` bigint(20) NOT NULL,
  `ID_TRANSFORMATION` int(11) DEFAULT NULL,
  `ID_STEP_FROM` int(11) DEFAULT NULL,
  `ID_STEP_TO` int(11) DEFAULT NULL,
  `ENABLED` tinyint(1) DEFAULT NULL,
  PRIMARY KEY (`ID_TRANS_HOP`)
) ENGINE=InnoDB DEFAULT CHARSET=utf8;
/*!40101 SET character_set_client = @saved_cs_client */;

--
-- Dumping data for table `R_TRANS_HOP`
--

LOCK TABLES `R_TRANS_HOP` WRITE;
/*!40000 ALTER TABLE `R_TRANS_HOP` DISABLE KEYS */;
/*!40000 ALTER TABLE `R_TRANS_HOP` ENABLE KEYS */;
UNLOCK TABLES;

--
-- Table structure for table `R_TRANS_LOCK`
--

DROP TABLE IF EXISTS `R_TRANS_LOCK`;
/*!40101 SET @saved_cs_client     = @@character_set_client */;
/*!40101 SET character_set_client = utf8 */;
CREATE TABLE `R_TRANS_LOCK` (
  `ID_TRANS_LOCK` bigint(20) NOT NULL,
  `ID_TRANSFORMATION` int(11) DEFAULT NULL,
  `ID_USER` int(11) DEFAULT NULL,
  `LOCK_MESSAGE` mediumtext,
  `LOCK_DATE` datetime DEFAULT NULL,
  PRIMARY KEY (`ID_TRANS_LOCK`)
) ENGINE=InnoDB DEFAULT CHARSET=utf8;
/*!40101 SET character_set_client = @saved_cs_client */;

--
-- Dumping data for table `R_TRANS_LOCK`
--

LOCK TABLES `R_TRANS_LOCK` WRITE;
/*!40000 ALTER TABLE `R_TRANS_LOCK` DISABLE KEYS */;
/*!40000 ALTER TABLE `R_TRANS_LOCK` ENABLE KEYS */;
UNLOCK TABLES;

--
-- Table structure for table `R_TRANS_NOTE`
--

DROP TABLE IF EXISTS `R_TRANS_NOTE`;
/*!40101 SET @saved_cs_client     = @@character_set_client */;
/*!40101 SET character_set_client = utf8 */;
CREATE TABLE `R_TRANS_NOTE` (
  `ID_TRANSFORMATION` int(11) DEFAULT NULL,
  `ID_NOTE` int(11) DEFAULT NULL
) ENGINE=InnoDB DEFAULT CHARSET=utf8;
/*!40101 SET character_set_client = @saved_cs_client */;

--
-- Dumping data for table `R_TRANS_NOTE`
--

LOCK TABLES `R_TRANS_NOTE` WRITE;
/*!40000 ALTER TABLE `R_TRANS_NOTE` DISABLE KEYS */;
/*!40000 ALTER TABLE `R_TRANS_NOTE` ENABLE KEYS */;
UNLOCK TABLES;

--
-- Table structure for table `R_TRANS_PARTITION_SCHEMA`
--

DROP TABLE IF EXISTS `R_TRANS_PARTITION_SCHEMA`;
/*!40101 SET @saved_cs_client     = @@character_set_client */;
/*!40101 SET character_set_client = utf8 */;
CREATE TABLE `R_TRANS_PARTITION_SCHEMA` (
  `ID_TRANS_PARTITION_SCHEMA` bigint(20) NOT NULL,
  `ID_TRANSFORMATION` int(11) DEFAULT NULL,
  `ID_PARTITION_SCHEMA` int(11) DEFAULT NULL,
  PRIMARY KEY (`ID_TRANS_PARTITION_SCHEMA`)
) ENGINE=InnoDB DEFAULT CHARSET=utf8;
/*!40101 SET character_set_client = @saved_cs_client */;

--
-- Dumping data for table `R_TRANS_PARTITION_SCHEMA`
--

LOCK TABLES `R_TRANS_PARTITION_SCHEMA` WRITE;
/*!40000 ALTER TABLE `R_TRANS_PARTITION_SCHEMA` DISABLE KEYS */;
/*!40000 ALTER TABLE `R_TRANS_PARTITION_SCHEMA` ENABLE KEYS */;
UNLOCK TABLES;

--
-- Table structure for table `R_TRANS_SLAVE`
--

DROP TABLE IF EXISTS `R_TRANS_SLAVE`;
/*!40101 SET @saved_cs_client     = @@character_set_client */;
/*!40101 SET character_set_client = utf8 */;
CREATE TABLE `R_TRANS_SLAVE` (
  `ID_TRANS_SLAVE` bigint(20) NOT NULL,
  `ID_TRANSFORMATION` int(11) DEFAULT NULL,
  `ID_SLAVE` int(11) DEFAULT NULL,
  PRIMARY KEY (`ID_TRANS_SLAVE`)
) ENGINE=InnoDB DEFAULT CHARSET=utf8;
/*!40101 SET character_set_client = @saved_cs_client */;

--
-- Dumping data for table `R_TRANS_SLAVE`
--

LOCK TABLES `R_TRANS_SLAVE` WRITE;
/*!40000 ALTER TABLE `R_TRANS_SLAVE` DISABLE KEYS */;
/*!40000 ALTER TABLE `R_TRANS_SLAVE` ENABLE KEYS */;
UNLOCK TABLES;

--
-- Table structure for table `R_TRANS_STEP_CONDITION`
--

DROP TABLE IF EXISTS `R_TRANS_STEP_CONDITION`;
/*!40101 SET @saved_cs_client     = @@character_set_client */;
/*!40101 SET character_set_client = utf8 */;
CREATE TABLE `R_TRANS_STEP_CONDITION` (
  `ID_TRANSFORMATION` int(11) DEFAULT NULL,
  `ID_STEP` int(11) DEFAULT NULL,
  `ID_CONDITION` int(11) DEFAULT NULL
) ENGINE=InnoDB DEFAULT CHARSET=utf8;
/*!40101 SET character_set_client = @saved_cs_client */;

--
-- Dumping data for table `R_TRANS_STEP_CONDITION`
--

LOCK TABLES `R_TRANS_STEP_CONDITION` WRITE;
/*!40000 ALTER TABLE `R_TRANS_STEP_CONDITION` DISABLE KEYS */;
/*!40000 ALTER TABLE `R_TRANS_STEP_CONDITION` ENABLE KEYS */;
UNLOCK TABLES;

--
-- Table structure for table `R_USER`
--

DROP TABLE IF EXISTS `R_USER`;
/*!40101 SET @saved_cs_client     = @@character_set_client */;
/*!40101 SET character_set_client = utf8 */;
CREATE TABLE `R_USER` (
  `ID_USER` bigint(20) NOT NULL,
  `LOGIN` varchar(255) DEFAULT NULL,
  `PASSWORD` varchar(255) DEFAULT NULL,
  `NAME` varchar(255) DEFAULT NULL,
  `DESCRIPTION` varchar(255) DEFAULT NULL,
  `ENABLED` tinyint(1) DEFAULT NULL,
  PRIMARY KEY (`ID_USER`)
) ENGINE=InnoDB DEFAULT CHARSET=utf8;
/*!40101 SET character_set_client = @saved_cs_client */;

--
-- Dumping data for table `R_USER`
--

LOCK TABLES `R_USER` WRITE;
/*!40000 ALTER TABLE `R_USER` DISABLE KEYS */;
INSERT INTO `R_USER` VALUES (1,'admin','2be98afc86aa7f2e4cb79ce71da9fa6d4','Administrator','User manager',1),(2,'guest','2be98afc86aa7f2e4cb79ce77cb97bcce','Guest account','Read-only guest account',1);
/*!40000 ALTER TABLE `R_USER` ENABLE KEYS */;
UNLOCK TABLES;

--
-- Table structure for table `R_VALUE`
--

DROP TABLE IF EXISTS `R_VALUE`;
/*!40101 SET @saved_cs_client     = @@character_set_client */;
/*!40101 SET character_set_client = utf8 */;
CREATE TABLE `R_VALUE` (
  `ID_VALUE` bigint(20) NOT NULL,
  `NAME` varchar(255) DEFAULT NULL,
  `VALUE_TYPE` varchar(255) DEFAULT NULL,
  `VALUE_STR` varchar(255) DEFAULT NULL,
  `IS_NULL` tinyint(1) DEFAULT NULL,
  PRIMARY KEY (`ID_VALUE`)
) ENGINE=InnoDB DEFAULT CHARSET=utf8;
/*!40101 SET character_set_client = @saved_cs_client */;

--
-- Dumping data for table `R_VALUE`
--

LOCK TABLES `R_VALUE` WRITE;
/*!40000 ALTER TABLE `R_VALUE` DISABLE KEYS */;
/*!40000 ALTER TABLE `R_VALUE` ENABLE KEYS */;
UNLOCK TABLES;

--
-- Table structure for table `R_VERSION`
--

DROP TABLE IF EXISTS `R_VERSION`;
/*!40101 SET @saved_cs_client     = @@character_set_client */;
/*!40101 SET character_set_client = utf8 */;
CREATE TABLE `R_VERSION` (
  `ID_VERSION` bigint(20) NOT NULL,
  `MAJOR_VERSION` int(11) DEFAULT NULL,
  `MINOR_VERSION` int(11) DEFAULT NULL,
  `UPGRADE_DATE` datetime DEFAULT NULL,
  `IS_UPGRADE` tinyint(1) DEFAULT NULL,
  PRIMARY KEY (`ID_VERSION`)
) ENGINE=InnoDB DEFAULT CHARSET=utf8;
/*!40101 SET character_set_client = @saved_cs_client */;

--
-- Dumping data for table `R_VERSION`
--

LOCK TABLES `R_VERSION` WRITE;
/*!40000 ALTER TABLE `R_VERSION` DISABLE KEYS */;
INSERT INTO `R_VERSION` VALUES (1,5,0,'2018-07-14 14:54:45',0);
/*!40000 ALTER TABLE `R_VERSION` ENABLE KEYS */;
UNLOCK TABLES;

--
-- Table structure for table `k_job`
--

DROP TABLE IF EXISTS `k_job`;
/*!40101 SET @saved_cs_client     = @@character_set_client */;
/*!40101 SET character_set_client = utf8 */;
CREATE TABLE `k_job` (
  `job_id` int(11) NOT NULL AUTO_INCREMENT COMMENT '作业ID',
  `job_name` varchar(50) DEFAULT NULL COMMENT '作业名称',
  `job_description` varchar(500) DEFAULT NULL COMMENT '任务描述',
  `job_type` int(11) DEFAULT NULL COMMENT '1:数据库资源库；2:上传的文件',
  `job_path` varchar(200) DEFAULT NULL COMMENT '作业保存路径（可以是资源库中的路径也可以是服务器中保存作业文件的路径）',
  `job_repository_id` int(11) DEFAULT NULL COMMENT '作业的资源库ID',
  `job_quartz` int(11) DEFAULT '1' COMMENT '定时策略（外键ID）',
  `job_record` int(11) DEFAULT NULL COMMENT '作业执行记录（外键ID）',
  `job_log_level` varchar(10) DEFAULT NULL COMMENT '日志级别(basic，detail，error，debug，minimal，rowlevel）',
  `job_status` int(11) DEFAULT NULL COMMENT '状态（1：正在运行；2：已停止）',
  `add_time` datetime DEFAULT NULL COMMENT '添加时间',
  `add_user` int(11) DEFAULT NULL COMMENT '添加者',
  `edit_time` datetime DEFAULT NULL COMMENT '编辑时间',
  `edit_user` int(11) DEFAULT NULL COMMENT '编辑者',
  `del_flag` int(11) DEFAULT NULL COMMENT '是否删除（1：存在；0：删除）',
  PRIMARY KEY (`job_id`)
) ENGINE=InnoDB AUTO_INCREMENT=6 DEFAULT CHARSET=utf8;
/*!40101 SET character_set_client = @saved_cs_client */;

--
-- Dumping data for table `k_job`
--

LOCK TABLES `k_job` WRITE;
/*!40000 ALTER TABLE `k_job` DISABLE KEYS */;
INSERT INTO `k_job` VALUES (1,'字符串长度是指字符串所含的字符始还是从开始','字符串长度是指字符串所含的字符始还是从开始字符串长度是指字符串所含的字符始还是从开始字符串长度是指字符串所含的字符始还是从开始',1,NULL,NULL,NULL,NULL,NULL,2,'2017-05-26 11:14:03',1,'2017-05-26 11:14:07',1,0),(4,'测试测试测试','任务描述任务描述',1,'/job/mysql-mysql',1,1,NULL,NULL,2,'2017-05-27 19:44:15',1,'2017-05-27 19:44:15',1,0),(5,'测试作业tt','',1,'/samplejob',3,1,NULL,'detailed',2,'2018-08-16 21:12:33',1,'2018-08-16 21:12:33',1,1);
/*!40000 ALTER TABLE `k_job` ENABLE KEYS */;
UNLOCK TABLES;

--
-- Table structure for table `k_job_monitor`
--

DROP TABLE IF EXISTS `k_job_monitor`;
/*!40101 SET @saved_cs_client     = @@character_set_client */;
/*!40101 SET character_set_client = utf8 */;
CREATE TABLE `k_job_monitor` (
  `monitor_id` int(11) NOT NULL AUTO_INCREMENT COMMENT '监控作业ID',
  `monitor_job` int(11) DEFAULT NULL COMMENT '监控的作业ID',
  `monitor_success` int(11) DEFAULT NULL COMMENT '成功次数',
  `monitor_fail` int(11) DEFAULT NULL COMMENT '失败次数',
  `add_user` int(11) DEFAULT NULL COMMENT '添加人',
  `monitor_status` int(11) DEFAULT NULL COMMENT '监控状态（是否启动，1:启动；2:停止）',
  `run_status` mediumtext COMMENT '运行状态（起始时间-结束时间,起始时间-结束时间……）',
  PRIMARY KEY (`monitor_id`)
) ENGINE=InnoDB AUTO_INCREMENT=3 DEFAULT CHARSET=utf8;
/*!40101 SET character_set_client = @saved_cs_client */;

--
-- Dumping data for table `k_job_monitor`
--

LOCK TABLES `k_job_monitor` WRITE;
/*!40000 ALTER TABLE `k_job_monitor` DISABLE KEYS */;
INSERT INTO `k_job_monitor` VALUES (2,5,2,0,1,2,',1534755480049-1534755600134,1534755660042-1534755780104');
/*!40000 ALTER TABLE `k_job_monitor` ENABLE KEYS */;
UNLOCK TABLES;

--
-- Table structure for table `k_job_record`
--

DROP TABLE IF EXISTS `k_job_record`;
/*!40101 SET @saved_cs_client     = @@character_set_client */;
/*!40101 SET character_set_client = utf8 */;
CREATE TABLE `k_job_record` (
  `record_id` int(11) NOT NULL AUTO_INCREMENT COMMENT '作业记录ID',
  `record_job` int(11) DEFAULT NULL COMMENT '作业ID',
  `start_time` datetime DEFAULT NULL COMMENT '启动时间',
  `stop_time` datetime DEFAULT NULL COMMENT '停止时间',
  `record_status` int(11) DEFAULT NULL COMMENT '任务执行结果（1：成功；2：失败）',
  `log_file_path` varchar(100) DEFAULT NULL COMMENT '作业日志记录文件保存位置',
  `add_user` int(11) DEFAULT NULL COMMENT '添加人',
  PRIMARY KEY (`record_id`)
) ENGINE=InnoDB AUTO_INCREMENT=38 DEFAULT CHARSET=utf8;
/*!40101 SET character_set_client = @saved_cs_client */;

--
-- Dumping data for table `k_job_record`
--

LOCK TABLES `k_job_record` WRITE;
/*!40000 ALTER TABLE `k_job_record` DISABLE KEYS */;
INSERT INTO `k_job_record` VALUES (36,5,'2018-08-20 16:58:01','2018-08-20 17:00:00',1,'~/tmp/kettle-master//1/@samplejob-log/1534755600098.txt',1),(37,5,'2018-08-20 17:01:01','2018-08-20 17:03:00',1,'~/tmp/kettle-master//1/@samplejob-log/1534755780082.txt',1);
/*!40000 ALTER TABLE `k_job_record` ENABLE KEYS */;
UNLOCK TABLES;

--
-- Table structure for table `k_quartz`
--

DROP TABLE IF EXISTS `k_quartz`;
/*!40101 SET @saved_cs_client     = @@character_set_client */;
/*!40101 SET character_set_client = utf8 */;
CREATE TABLE `k_quartz` (
  `quartz_id` int(11) NOT NULL AUTO_INCREMENT COMMENT '任务ID',
  `quartz_description` varchar(500) DEFAULT NULL COMMENT '任务描述',
  `quartz_cron` varchar(100) DEFAULT NULL COMMENT '定时策略',
  `add_time` datetime DEFAULT NULL COMMENT '添加时间',
  `add_user` int(11) DEFAULT NULL COMMENT '添加者',
  `edit_time` datetime DEFAULT NULL COMMENT '编辑时间',
  `edit_user` int(11) DEFAULT NULL COMMENT '编辑者',
  `del_flag` int(11) DEFAULT NULL COMMENT '是否删除（1：存在；0：删除）',
  PRIMARY KEY (`quartz_id`)
) ENGINE=InnoDB AUTO_INCREMENT=18 DEFAULT CHARSET=utf8;
/*!40101 SET character_set_client = @saved_cs_client */;

--
-- Dumping data for table `k_quartz`
--

LOCK TABLES `k_quartz` WRITE;
/*!40000 ALTER TABLE `k_quartz` DISABLE KEYS */;
INSERT INTO `k_quartz` VALUES (1,'立即执行一次',NULL,'2017-05-27 14:44:13',1,'2018-08-19 20:17:33',1,1),(2,'从 0 分钟开始,每 30 分钟执行一次','* 0/30 * * * ?','2017-05-27 14:56:38',1,'2018-08-20 17:20:44',1,1),(3,'每月1日0点执行一次','0 0 0 1 * ?','2017-05-27 14:56:38',1,'2018-08-19 21:11:01',1,1),(4,'每日0点执行一次','0 0 0 * * ?','2017-05-27 14:44:13',1,'2018-08-19 21:19:09',1,1),(8,'也不知道是啥的定时策略','* * * * 1 ?','2017-05-27 19:15:17',1,'2018-08-19 20:19:40',1,0),(12,'mysql-mysql的定时策略','* 0/2 * * * ?','2017-06-02 13:07:42',1,'2018-08-19 20:19:44',1,0),(13,'6-2测试转换的定时策略','0/20 * * * * ?','2017-06-02 17:24:47',1,'2018-08-19 20:19:47',1,0),(14,'测试转换2的定时策略','* 0/5 * * * ?','2018-08-17 20:43:16',1,'2018-08-19 20:19:50',1,0),(15,'从 0 分钟开始,每 1 分钟执行一次','0,1 * * * * ?','2018-08-17 22:01:51',1,'2018-08-20 14:37:52',1,1),(16,'fffffffffffff','0,14 * * * * ?','2018-08-19 20:52:14',1,'2018-08-19 20:52:31',1,0),(17,'fffffffffffff','0,23,35 * * * * ?','2018-08-19 20:55:50',1,'2018-08-19 21:08:59',1,0);
/*!40000 ALTER TABLE `k_quartz` ENABLE KEYS */;
UNLOCK TABLES;

--
-- Table structure for table `k_repository`
--

DROP TABLE IF EXISTS `k_repository`;
/*!40101 SET @saved_cs_client     = @@character_set_client */;
/*!40101 SET character_set_client = utf8 */;
CREATE TABLE `k_repository` (
  `repository_id` int(11) NOT NULL AUTO_INCREMENT COMMENT 'ID',
  `repository_name` varchar(50) DEFAULT NULL COMMENT '资源库名称',
  `repository_username` varchar(50) DEFAULT NULL COMMENT '登录用户名',
  `repository_password` varchar(50) DEFAULT NULL COMMENT '登录密码',
  `repository_type` varchar(10) DEFAULT NULL COMMENT '资源库数据库类型（MYSQL、ORACLE）',
  `database_access` varchar(10) DEFAULT NULL COMMENT '资源库数据库访问模式（"Native", "ODBC", "OCI", "Plugin", "JNDI")',
  `database_host` varchar(50) DEFAULT NULL COMMENT '资源库数据库主机名或者IP地址',
  `database_port` varchar(10) DEFAULT NULL COMMENT '资源库数据库端口号',
  `database_name` varchar(20) DEFAULT NULL COMMENT '资源库数据库名称',
  `database_username` varchar(50) DEFAULT NULL COMMENT '数据库登录账号',
  `database_password` varchar(50) DEFAULT NULL COMMENT '数据库登录密码',
  `add_time` datetime DEFAULT NULL COMMENT '添加时间',
  `add_user` int(11) DEFAULT NULL COMMENT '添加者',
  `edit_time` datetime DEFAULT NULL COMMENT '编辑时间',
  `edit_user` int(11) DEFAULT NULL COMMENT '编辑者',
  `del_flag` int(11) DEFAULT NULL COMMENT '是否删除（1：存在；0：删除）',
  PRIMARY KEY (`repository_id`)
) ENGINE=InnoDB AUTO_INCREMENT=4 DEFAULT CHARSET=utf8;
/*!40101 SET character_set_client = @saved_cs_client */;

--
-- Dumping data for table `k_repository`
--

LOCK TABLES `k_repository` WRITE;
/*!40000 ALTER TABLE `k_repository` DISABLE KEYS */;
INSERT INTO `k_repository` VALUES (3,'test','admin','admin','MYSQL','Native','localhost','3306','kettle','root','root','2018-08-16 21:12:10',1,'2018-08-17 15:30:46',1,1);
/*!40000 ALTER TABLE `k_repository` ENABLE KEYS */;
UNLOCK TABLES;

--
-- Table structure for table `k_repository_type`
--

DROP TABLE IF EXISTS `k_repository_type`;
/*!40101 SET @saved_cs_client     = @@character_set_client */;
/*!40101 SET character_set_client = utf8 */;
CREATE TABLE `k_repository_type` (
  `repository_type_id` int(11) NOT NULL,
  `repository_type_code` varchar(30) DEFAULT NULL,
  `repository_type_des` varchar(100) DEFAULT NULL,
  PRIMARY KEY (`repository_type_id`)
) ENGINE=InnoDB DEFAULT CHARSET=utf8;
/*!40101 SET character_set_client = @saved_cs_client */;

--
-- Dumping data for table `k_repository_type`
--

LOCK TABLES `k_repository_type` WRITE;
/*!40000 ALTER TABLE `k_repository_type` DISABLE KEYS */;
INSERT INTO `k_repository_type` VALUES (1,'INGRES','Ingres'),(2,'INTERBASE','Borland Interbase'),(3,'INFOBRIGHT','Infobright'),(4,'ORACLE','Oracle'),(5,'EXTENDB','ExtenDB'),(6,'MSACCESS','MS Access'),(7,'SYBASE','Sybase'),(8,'PALO','Palo MOLAP Server'),(9,'INFORMIX','Informix'),(10,'LucidDB','LucidDB'),(11,'TERADATA','Teradata'),(12,'UNIVERSE','UniVerse database'),(13,'MONETDB','MonetDB'),(14,'CACHE','Intersystems Cache'),(15,'MSSQL','MS SQL Server'),(16,'KettleThin','Pentaho Data Services'),(17,'GREENPLUM','Greenplum'),(18,'GENERIC','Generic database'),(19,'IMPALA','Impala'),(20,'SQLITE','SQLite'),(21,'REMEDY-AR-SYSTEM','Remedy Action Request System'),(22,'MONDRIAN','Native Mondrian'),(23,'HIVE2','Hadoop Hive 2'),(24,'NETEZZA','Netezza'),(25,'VERTICA5','Vertica 5+'),(26,'POSTGRESQL','PostgreSQL'),(27,'EXASOL4','Exasol 4'),(28,'HYPERSONIC','Hypersonic'),(29,'AS/400','AS/400'),(30,'ORACLERDB','Oracle RDB'),(31,'DBASE','dBase III, IV or 5'),(32,'IMPALASIMBA','Cloudera Impala'),(33,'KINGBASEES','KingbaseES'),(34,'SAPR3','SAP ERP System'),(35,'SQLBASE','Gupta SQL Base'),(36,'DERBY','Apache Derby'),(37,'VERTICA','Vertica'),(38,'INFINIDB','Calpont InfiniDB'),(39,'HIVE','Hadoop Hive'),(40,'MYSQL','MySQL'),(41,'MSSQLNATIVE','MS SQL Server (Native)'),(42,'H2','H2'),(43,'SAPDB','MaxDB (SAP DB)'),(44,'SPARKSIMBA','SparkSQL'),(45,'VECTORWISE','Ingres VectorWise'),(46,'DB2','IBM DB2'),(47,'NEOVIEW','Neoview'),(48,'SYBASEIQ','SybaseIQ'),(49,'REDSHIFT','Redshift'),(50,'FIREBIRD','Firebird SQL'),(51,'OpenERPDatabaseMeta','OpenERP Server');
/*!40000 ALTER TABLE `k_repository_type` ENABLE KEYS */;
UNLOCK TABLES;

--
-- Table structure for table `k_trans`
--

DROP TABLE IF EXISTS `k_trans`;
/*!40101 SET @saved_cs_client     = @@character_set_client */;
/*!40101 SET character_set_client = utf8 */;
CREATE TABLE `k_trans` (
  `trans_id` int(11) NOT NULL AUTO_INCREMENT COMMENT '转换ID',
  `trans_name` varchar(50) DEFAULT NULL COMMENT '转换名称',
  `trans_description` varchar(500) DEFAULT NULL COMMENT '转换描述',
  `trans_type` int(11) DEFAULT NULL COMMENT '1:数据库资源库；2:上传的文件',
  `trans_path` varchar(200) DEFAULT NULL COMMENT '转换保存路径（可以是资源库中的路径也可以是服务器中保存作业文件的路径）',
  `trans_repository_id` int(11) DEFAULT NULL COMMENT '转换的资源库ID',
  `trans_quartz` int(11) DEFAULT '1' COMMENT '定时策略（外键ID）',
  `trans_record` int(11) DEFAULT NULL COMMENT '转换执行记录（外键ID）',
  `trans_log_level` varchar(10) DEFAULT NULL COMMENT '日志级别(basic，detail，error，debug，minimal，rowlevel）',
  `trans_status` int(11) DEFAULT NULL COMMENT '状态（1：正在运行；2：已停止）',
  `add_time` datetime DEFAULT NULL COMMENT '添加时间',
  `add_user` int(11) DEFAULT NULL COMMENT '添加者',
  `edit_time` datetime DEFAULT NULL COMMENT '编辑时间',
  `edit_user` int(11) DEFAULT NULL COMMENT '编辑者',
  `del_flag` int(11) DEFAULT NULL COMMENT '是否删除（1：存在；0：删除）',
  PRIMARY KEY (`trans_id`)
) ENGINE=InnoDB AUTO_INCREMENT=9 DEFAULT CHARSET=utf8;
/*!40101 SET character_set_client = @saved_cs_client */;

--
-- Dumping data for table `k_trans`
--

LOCK TABLES `k_trans` WRITE;
/*!40000 ALTER TABLE `k_trans` DISABLE KEYS */;
INSERT INTO `k_trans` VALUES (5,'测试转换6-2','如果测试成功我就回家',1,'/trans/kettle-test-6.2',2,13,NULL,'debug',2,'2017-06-02 19:53:19',1,'2017-06-02 19:53:19',1,0),(6,'测试转换1','',1,'/Trans1',3,1,NULL,'basic',2,'2018-08-17 17:49:52',1,'2018-08-17 17:49:52',1,1),(7,'测试转换2','',1,'/Transformation 1',3,15,NULL,'detail',2,'2018-08-17 20:43:16',1,'2018-08-17 20:43:16',1,0),(8,'ttt','',1,'/Transformation 1',3,1,NULL,'rowlevel',2,'2018-08-20 14:02:05',1,'2018-08-20 14:02:05',1,1);
/*!40000 ALTER TABLE `k_trans` ENABLE KEYS */;
UNLOCK TABLES;

--
-- Table structure for table `k_trans_monitor`
--

DROP TABLE IF EXISTS `k_trans_monitor`;
/*!40101 SET @saved_cs_client     = @@character_set_client */;
/*!40101 SET character_set_client = utf8 */;
CREATE TABLE `k_trans_monitor` (
  `monitor_id` int(11) NOT NULL AUTO_INCREMENT COMMENT '监控转换ID',
  `monitor_trans` int(11) DEFAULT NULL COMMENT '监控的转换的ID',
  `monitor_success` int(11) DEFAULT NULL COMMENT '成功次数',
  `monitor_fail` int(11) DEFAULT NULL COMMENT '失败次数',
  `add_user` int(11) DEFAULT NULL COMMENT '添加人',
  `monitor_status` int(11) DEFAULT NULL COMMENT '监控状态（是否启动，1:启动；2:停止）',
  `run_status` mediumtext COMMENT '运行状态（起始时间-结束时间,起始时间-结束时间……）',
  PRIMARY KEY (`monitor_id`)
) ENGINE=InnoDB AUTO_INCREMENT=14 DEFAULT CHARSET=utf8;
/*!40101 SET character_set_client = @saved_cs_client */;

--
-- Dumping data for table `k_trans_monitor`
--

LOCK TABLES `k_trans_monitor` WRITE;
/*!40000 ALTER TABLE `k_trans_monitor` DISABLE KEYS */;
INSERT INTO `k_trans_monitor` VALUES (12,6,3,0,1,2,',1534755660038-1534755660473,1534755720049-1534755720719,1534758240021-1534758240171'),(13,8,3,0,1,2,',1534758240037-1534758240344,1534758360017-1534758360142,1534761000021-1534761000156');
/*!40000 ALTER TABLE `k_trans_monitor` ENABLE KEYS */;
UNLOCK TABLES;

--
-- Table structure for table `k_trans_record`
--

DROP TABLE IF EXISTS `k_trans_record`;
/*!40101 SET @saved_cs_client     = @@character_set_client */;
/*!40101 SET character_set_client = utf8 */;
CREATE TABLE `k_trans_record` (
  `record_id` int(11) NOT NULL AUTO_INCREMENT COMMENT '转换记录ID',
  `record_trans` int(11) DEFAULT NULL COMMENT '转换ID',
  `start_time` datetime DEFAULT NULL COMMENT '启动时间',
  `stop_time` datetime DEFAULT NULL COMMENT '停止时间',
  `record_status` int(11) DEFAULT NULL COMMENT '任务执行结果（1：成功；2：失败）',
  `log_file_path` varchar(100) DEFAULT NULL COMMENT '转换日志记录文件保存位置',
  `add_user` int(11) DEFAULT NULL COMMENT '添加人',
  PRIMARY KEY (`record_id`)
) ENGINE=InnoDB AUTO_INCREMENT=94 DEFAULT CHARSET=utf8;
/*!40101 SET character_set_client = @saved_cs_client */;

--
-- Dumping data for table `k_trans_record`
--

LOCK TABLES `k_trans_record` WRITE;
/*!40000 ALTER TABLE `k_trans_record` DISABLE KEYS */;
INSERT INTO `k_trans_record` VALUES (90,6,'2018-08-20 17:44:00','2018-08-20 17:44:00',1,'~/tmp/kettle-master//1/@Trans1-log/1534758240148.txt',1),(91,8,'2018-08-20 17:44:00','2018-08-20 17:44:00',1,'~/tmp/kettle-master//1/@Transformation 1-log/1534758240323.txt',1),(92,8,'2018-08-20 17:46:00','2018-08-20 17:46:00',1,'~/tmp/kettle-master//1/@Transformation 1-log/1534758360122.txt',1),(93,8,'2018-08-20 18:30:00','2018-08-20 18:30:00',1,'~/tmp/kettle-master//1/@Transformation 1-log/1534761000139.txt',1);
/*!40000 ALTER TABLE `k_trans_record` ENABLE KEYS */;
UNLOCK TABLES;

--
-- Table structure for table `k_user`
--

DROP TABLE IF EXISTS `k_user`;
/*!40101 SET @saved_cs_client     = @@character_set_client */;
/*!40101 SET character_set_client = utf8 */;
CREATE TABLE `k_user` (
  `u_id` int(11) NOT NULL AUTO_INCREMENT COMMENT '用户ID',
  `u_nickname` varchar(50) DEFAULT NULL COMMENT '用户昵称',
  `u_email` varchar(30) DEFAULT NULL COMMENT '用户邮箱',
  `u_phone` varchar(50) DEFAULT NULL COMMENT '用于电话',
  `u_account` varchar(50) DEFAULT NULL COMMENT '用户账号',
  `u_password` varchar(50) DEFAULT NULL COMMENT '用户密码',
  `add_time` datetime DEFAULT NULL COMMENT '添加时间',
  `add_user` int(11) DEFAULT NULL COMMENT '添加者',
  `edit_time` datetime DEFAULT NULL COMMENT '编辑时间',
  `edit_user` int(11) DEFAULT NULL COMMENT '编辑者',
  `del_flag` int(11) DEFAULT NULL COMMENT '是否删除（1：存在；0：删除）',
  PRIMARY KEY (`u_id`)
) ENGINE=InnoDB AUTO_INCREMENT=4 DEFAULT CHARSET=utf8;
/*!40101 SET character_set_client = @saved_cs_client */;

--
-- Dumping data for table `k_user`
--

LOCK TABLES `k_user` WRITE;
/*!40000 ALTER TABLE `k_user` DISABLE KEYS */;
INSERT INTO `k_user` VALUES (1,'admin','123@163.com','12345678','admin','97717404d9a58c2114517a213e4a1bdd','2018-08-20 11:01:18',1,'2018-08-20 11:01:18',NULL,1),(2,'test','test@test.com','123','test','97717404d9a58c2114517a213e4a1bdd','2018-08-20 13:08:26',1,'2018-08-20 13:11:17',NULL,0),(3,'测试用户','test@test.com','132123123','user1','ebbcf442a79a83d02d4fed7a0d23899b','2018-08-20 13:21:01',1,'2018-08-20 13:21:01',NULL,1);
/*!40000 ALTER TABLE `k_user` ENABLE KEYS */;
UNLOCK TABLES;
/*!40103 SET TIME_ZONE=@OLD_TIME_ZONE */;

/*!40101 SET SQL_MODE=@OLD_SQL_MODE */;
/*!40014 SET FOREIGN_KEY_CHECKS=@OLD_FOREIGN_KEY_CHECKS */;
/*!40014 SET UNIQUE_CHECKS=@OLD_UNIQUE_CHECKS */;
/*!40101 SET CHARACTER_SET_CLIENT=@OLD_CHARACTER_SET_CLIENT */;
/*!40101 SET CHARACTER_SET_RESULTS=@OLD_CHARACTER_SET_RESULTS */;
/*!40101 SET COLLATION_CONNECTION=@OLD_COLLATION_CONNECTION */;
/*!40111 SET SQL_NOTES=@OLD_SQL_NOTES */;

-- Dump completed on 2018-08-21  8:57:00
